{"train/learning_rate": 0.0003, "train/entropy_loss": -2.827492415904999, "train/policy_gradient_loss": -0.004757222137413919, "train/value_loss": 50.038117218017575, "train/approx_kl": 0.007458641193807125, "train/clip_fraction": 0.028125, "train/loss": 23.803096771240234, "train/explained_variance": -1.2993812561035156e-05, "train/std": 0.9947252869606018, "train/n_updates": 90, "train/clip_range": 0.2, "time/iterations": 10, "rollout/ep_rew_mean": -17.34, "rollout/ep_len_mean": 17.34, "time/fps": 1508, "time/time_elapsed": 1, "time/total_timesteps": 2560}
{"train/learning_rate": 0.0003, "train/entropy_loss": -2.8409337401390076, "train/policy_gradient_loss": -0.017190000973641872, "train/value_loss": 46.75943431854248, "train/approx_kl": 0.01654488407075405, "train/clip_fraction": 0.16796875, "train/loss": 20.179929733276367, "train/explained_variance": -1.823902130126953e-05, "train/std": 1.003004550933838, "train/n_updates": 190, "train/clip_range": 0.2, "time/iterations": 20, "rollout/ep_rew_mean": -18.48, "rollout/ep_len_mean": 18.48, "time/fps": 1534, "time/time_elapsed": 3, "time/total_timesteps": 5120}
{"train/learning_rate": 0.0003, "train/entropy_loss": -2.839257836341858, "train/policy_gradient_loss": -0.008192869229242205, "train/value_loss": 42.84251670837402, "train/approx_kl": 0.008448915556073189, "train/clip_fraction": 0.063671875, "train/loss": 21.816192626953125, "train/explained_variance": -1.0728836059570312e-06, "train/std": 0.9996221661567688, "train/n_updates": 290, "train/clip_range": 0.2, "time/iterations": 30, "rollout/ep_rew_mean": -17.72, "rollout/ep_len_mean": 17.72, "time/fps": 1545, "time/time_elapsed": 4, "time/total_timesteps": 7680}
{"train/learning_rate": 0.0003, "train/entropy_loss": -2.797307848930359, "train/policy_gradient_loss": -0.011194857489317655, "train/value_loss": 39.548598289489746, "train/approx_kl": 0.016915107145905495, "train/clip_fraction": 0.13046875, "train/loss": 18.621688842773438, "train/explained_variance": -3.4570693969726562e-06, "train/std": 0.9792386293411255, "train/n_updates": 390, "train/clip_range": 0.2, "time/iterations": 40, "rollout/ep_rew_mean": -17.72, "rollout/ep_len_mean": 17.72, "time/fps": 1557, "time/time_elapsed": 6, "time/total_timesteps": 10240}
