{"train/learning_rate": 0.0001, "train/entropy_loss": -2.837484282255173, "train/policy_gradient_loss": -0.0024910124484449625, "train/value_loss": 14.17873764038086, "train/approx_kl": 0.002740999450907111, "train/clip_fraction": 0.00234375, "train/loss": 6.342979431152344, "train/explained_variance": 0.0002301335334777832, "train/std": 0.9997739195823669, "train/n_updates": 90, "train/clip_range": 0.2, "time/iterations": 10, "rollout/ep_rew_mean": -18.48, "rollout/ep_len_mean": 18.48, "time/fps": 1520, "time/time_elapsed": 3, "time/total_timesteps": 5120}
{"train/learning_rate": 0.0001, "train/entropy_loss": -2.827184098958969, "train/policy_gradient_loss": -0.004321223625447601, "train/value_loss": 8.81026896238327, "train/approx_kl": 0.008602696470916271, "train/clip_fraction": 0.0453125, "train/loss": 3.8139560222625732, "train/explained_variance": 0.0002828240394592285, "train/std": 0.9937363862991333, "train/n_updates": 190, "train/clip_range": 0.2, "time/iterations": 20, "rollout/ep_rew_mean": -17.72, "rollout/ep_len_mean": 17.72, "time/fps": 1219, "time/time_elapsed": 8, "time/total_timesteps": 10240}
