{"train/learning_rate": 0.0003, "train/entropy_loss": -2.7955874472856523, "train/policy_gradient_loss": -0.007129905556212179, "train/value_loss": 34.93438174724579, "train/approx_kl": 0.0075103482231497765, "train/clip_fraction": 0.0689453125, "train/loss": 13.747675895690918, "train/explained_variance": 1.1920928955078125e-06, "train/std": 0.9789350032806396, "train/n_updates": 180, "train/clip_range": 0.2, "time/iterations": 10, "rollout/ep_rew_mean": -18.48, "rollout/ep_len_mean": 18.48, "time/fps": 1154, "time/time_elapsed": 4, "time/total_timesteps": 5120}
{"train/learning_rate": 0.0003, "train/entropy_loss": -2.7320959240198137, "train/policy_gradient_loss": -0.009907923941500484, "train/value_loss": 30.231715893745424, "train/approx_kl": 0.009061291813850403, "train/clip_fraction": 0.1248046875, "train/loss": 7.728150367736816, "train/explained_variance": 1.1920928955078125e-07, "train/std": 0.9448573589324951, "train/n_updates": 380, "train/clip_range": 0.2, "time/iterations": 20, "rollout/ep_rew_mean": -17.72, "rollout/ep_len_mean": 17.72, "time/fps": 1165, "time/time_elapsed": 8, "time/total_timesteps": 10240}
