{"train/learning_rate": 0.0001, "train/entropy_loss": -2.834601253271103, "train/policy_gradient_loss": -0.0061727412859909235, "train/value_loss": 62.058491468429565, "train/approx_kl": 0.007300062105059624, "train/clip_fraction": 0.03359375, "train/loss": 25.83686637878418, "train/explained_variance": -4.5299530029296875e-05, "train/std": 0.9987419843673706, "train/n_updates": 30, "train/clip_range": 0.2, "time/iterations": 4, "rollout/ep_rew_mean": -16.57377049180328, "rollout/ep_len_mean": 16.57377049180328, "time/fps": 358, "time/time_elapsed": 2, "time/total_timesteps": 1024}
{"train/learning_rate": 0.0001, "train/entropy_loss": -2.831839069724083, "train/policy_gradient_loss": -0.000827894126996398, "train/value_loss": 67.88336181640625, "train/approx_kl": 0.0009774677455425262, "train/clip_fraction": 0.0, "train/loss": 30.267112731933594, "train/explained_variance": -1.4424324035644531e-05, "train/std": 0.9965497255325317, "train/n_updates": 70, "train/clip_range": 0.2, "time/iterations": 8, "rollout/ep_rew_mean": -17.53, "rollout/ep_len_mean": 17.53, "time/fps": 268, "time/time_elapsed": 7, "time/total_timesteps": 2048}
{"train/learning_rate": 0.0001, "train/entropy_loss": -2.835475262999535, "train/policy_gradient_loss": -0.0013486772309988736, "train/value_loss": 67.64090781211853, "train/approx_kl": 0.0005738940089941025, "train/clip_fraction": 0.0, "train/loss": 31.873504638671875, "train/explained_variance": -3.159046173095703e-05, "train/std": 0.9983265399932861, "train/n_updates": 110, "train/clip_range": 0.2, "time/iterations": 12, "rollout/ep_rew_mean": -17.91, "rollout/ep_len_mean": 17.91, "time/fps": 340, "time/time_elapsed": 9, "time/total_timesteps": 3072}
{"train/learning_rate": 0.0001, "train/entropy_loss": -2.829999193549156, "train/policy_gradient_loss": -0.0044473825604654845, "train/value_loss": 67.96410250663757, "train/approx_kl": 0.003999677021056414, "train/clip_fraction": 0.015234375, "train/loss": 32.2227783203125, "train/explained_variance": -4.744529724121094e-05, "train/std": 0.9961888790130615, "train/n_updates": 150, "train/clip_range": 0.2, "time/iterations": 16, "rollout/ep_rew_mean": -18.67, "rollout/ep_len_mean": 18.67, "time/fps": 413, "time/time_elapsed": 9, "time/total_timesteps": 4096}
{"train/learning_rate": 0.0001, "train/entropy_loss": -2.833037307858467, "train/policy_gradient_loss": -0.008095916628371924, "train/value_loss": 69.12907428741455, "train/approx_kl": 0.008468848653137684, "train/clip_fraction": 0.048046875, "train/loss": 32.12701416015625, "train/explained_variance": 3.987550735473633e-05, "train/std": 0.9973956346511841, "train/n_updates": 190, "train/clip_range": 0.2, "time/iterations": 20, "rollout/ep_rew_mean": -18.48, "rollout/ep_len_mean": 18.48, "time/fps": 468, "time/time_elapsed": 10, "time/total_timesteps": 5120}
{"train/learning_rate": 0.0001, "train/entropy_loss": -2.8254869133234024, "train/policy_gradient_loss": -0.0013715439214138313, "train/value_loss": 67.41037220954895, "train/approx_kl": 0.0007138135842978954, "train/clip_fraction": 0.0, "train/loss": 28.43952178955078, "train/explained_variance": -4.017353057861328e-05, "train/std": 0.9929848909378052, "train/n_updates": 230, "train/clip_range": 0.2, "time/iterations": 24, "rollout/ep_rew_mean": -18.29, "rollout/ep_len_mean": 18.29, "time/fps": 514, "time/time_elapsed": 11, "time/total_timesteps": 6144}
{"train/learning_rate": 0.0001, "train/entropy_loss": -2.816912388801575, "train/policy_gradient_loss": -0.00878901530522853, "train/value_loss": 68.06674022674561, "train/approx_kl": 0.006175068207085133, "train/clip_fraction": 0.044921875, "train/loss": 31.399673461914062, "train/explained_variance": -4.601478576660156e-05, "train/std": 0.9895753860473633, "train/n_updates": 270, "train/clip_range": 0.2, "time/iterations": 28, "rollout/ep_rew_mean": -18.1, "rollout/ep_len_mean": 18.1, "time/fps": 556, "time/time_elapsed": 12, "time/total_timesteps": 7168}
{"train/learning_rate": 0.0001, "train/entropy_loss": -2.8198581129312514, "train/policy_gradient_loss": -0.009438609797507524, "train/value_loss": 71.49110379219056, "train/approx_kl": 0.0053854696452617645, "train/clip_fraction": 0.048046875, "train/loss": 22.452136993408203, "train/explained_variance": 4.0531158447265625e-06, "train/std": 0.99113929271698, "train/n_updates": 310, "train/clip_range": 0.2, "time/iterations": 32, "rollout/ep_rew_mean": -17.53, "rollout/ep_len_mean": 17.53, "time/fps": 591, "time/time_elapsed": 13, "time/total_timesteps": 8192}
{"train/learning_rate": 0.0001, "train/entropy_loss": -2.811638244986534, "train/policy_gradient_loss": -0.012760088732466101, "train/value_loss": 72.78985514640809, "train/approx_kl": 0.010212648659944534, "train/clip_fraction": 0.106640625, "train/loss": 35.42327880859375, "train/explained_variance": 2.682209014892578e-05, "train/std": 0.9871149063110352, "train/n_updates": 350, "train/clip_range": 0.2, "time/iterations": 36, "rollout/ep_rew_mean": -17.53, "rollout/ep_len_mean": 17.53, "time/fps": 623, "time/time_elapsed": 14, "time/total_timesteps": 9216}
{"train/learning_rate": 0.0001, "train/entropy_loss": -2.801723012328148, "train/policy_gradient_loss": -0.0069366039417218415, "train/value_loss": 70.7827645778656, "train/approx_kl": 0.007202171254903078, "train/clip_fraction": 0.052734375, "train/loss": 28.4151554107666, "train/explained_variance": 2.092123031616211e-05, "train/std": 0.9810428619384766, "train/n_updates": 390, "train/clip_range": 0.2, "time/iterations": 40, "rollout/ep_rew_mean": -17.72, "rollout/ep_len_mean": 17.72, "time/fps": 644, "time/time_elapsed": 15, "time/total_timesteps": 10240}
