{"train/learning_rate": 0.0001, "train/entropy_loss": -2.83417090177536, "train/policy_gradient_loss": -0.001998620806261897, "train/value_loss": 51.72794094085693, "train/approx_kl": 0.0014462247490882874, "train/clip_fraction": 0.000390625, "train/loss": 26.070615768432617, "train/explained_variance": -0.00019168853759765625, "train/std": 0.99820476770401, "train/n_updates": 90, "train/clip_range": 0.2, "time/iterations": 10, "rollout/ep_rew_mean": -17.34, "rollout/ep_len_mean": 17.34, "time/fps": 1361, "time/time_elapsed": 1, "time/total_timesteps": 2560}
{"train/learning_rate": 0.0001, "train/entropy_loss": -2.844656604528427, "train/policy_gradient_loss": -0.013085305248387158, "train/value_loss": 49.59557523727417, "train/approx_kl": 0.011223046109080315, "train/clip_fraction": 0.0578125, "train/loss": 24.938232421875, "train/explained_variance": -1.3828277587890625e-05, "train/std": 1.0041136741638184, "train/n_updates": 190, "train/clip_range": 0.2, "time/iterations": 20, "rollout/ep_rew_mean": -18.48, "rollout/ep_len_mean": 18.48, "time/fps": 1300, "time/time_elapsed": 3, "time/total_timesteps": 5120}
{"train/learning_rate": 0.0001, "train/entropy_loss": -2.8455471217632295, "train/policy_gradient_loss": -0.005417269840836525, "train/value_loss": 46.97502670288086, "train/approx_kl": 0.006728038191795349, "train/clip_fraction": 0.031640625, "train/loss": 23.0723934173584, "train/explained_variance": -4.0531158447265625e-06, "train/std": 1.0033788681030273, "train/n_updates": 290, "train/clip_range": 0.2, "time/iterations": 30, "rollout/ep_rew_mean": -17.72, "rollout/ep_len_mean": 17.72, "time/fps": 1302, "time/time_elapsed": 5, "time/total_timesteps": 7680}
{"train/learning_rate": 0.0001, "train/entropy_loss": -2.828852504491806, "train/policy_gradient_loss": -0.015217615256551653, "train/value_loss": 44.574158668518066, "train/approx_kl": 0.009207825176417828, "train/clip_fraction": 0.148046875, "train/loss": 20.088132858276367, "train/explained_variance": -5.364418029785156e-06, "train/std": 0.9951756000518799, "train/n_updates": 390, "train/clip_range": 0.2, "time/iterations": 40, "rollout/ep_rew_mean": -17.72, "rollout/ep_len_mean": 17.72, "time/fps": 1308, "time/time_elapsed": 7, "time/total_timesteps": 10240}
