{"train/learning_rate": 0.0001, "train/entropy_loss": -2.8256421849131583, "train/policy_gradient_loss": -0.006365394522435963, "train/value_loss": 41.40169712305069, "train/approx_kl": 0.008967552334070206, "train/clip_fraction": 0.0560546875, "train/loss": 18.293607711791992, "train/explained_variance": -1.33514404296875e-05, "train/std": 0.9939391613006592, "train/n_updates": 180, "train/clip_range": 0.2, "time/iterations": 10, "rollout/ep_rew_mean": -18.48, "rollout/ep_len_mean": 18.48, "time/fps": 937, "time/time_elapsed": 5, "time/total_timesteps": 5120}
{"train/learning_rate": 0.0001, "train/entropy_loss": -2.787122529745102, "train/policy_gradient_loss": -0.01143302307173144, "train/value_loss": 36.75981640815735, "train/approx_kl": 0.00899972952902317, "train/clip_fraction": 0.0912109375, "train/loss": 18.37795066833496, "train/explained_variance": -2.384185791015625e-07, "train/std": 0.973042368888855, "train/n_updates": 380, "train/clip_range": 0.2, "time/iterations": 20, "rollout/ep_rew_mean": -17.91, "rollout/ep_len_mean": 17.91, "time/fps": 926, "time/time_elapsed": 11, "time/total_timesteps": 10240}
