{"train/learning_rate": 0.0003, "train/entropy_loss": -2.8050710439682005, "train/policy_gradient_loss": -0.01738976201741025, "train/value_loss": 37.19052255153656, "train/approx_kl": 0.010959920473396778, "train/clip_fraction": 0.1265625, "train/loss": 16.073171615600586, "train/explained_variance": -1.1920928955078125e-07, "train/std": 0.9841577410697937, "train/n_updates": 180, "train/clip_range": 0.2, "time/iterations": 10, "rollout/ep_rew_mean": -17.34, "rollout/ep_len_mean": 17.34, "time/fps": 969, "time/time_elapsed": 2, "time/total_timesteps": 2560}
{"train/learning_rate": 0.0003, "train/entropy_loss": -2.8151490181684493, "train/policy_gradient_loss": -0.023343297885730863, "train/value_loss": 29.946031820774078, "train/approx_kl": 0.013133500702679157, "train/clip_fraction": 0.1583984375, "train/loss": 17.240751266479492, "train/explained_variance": 2.384185791015625e-07, "train/std": 0.9893798828125, "train/n_updates": 380, "train/clip_range": 0.2, "time/iterations": 20, "rollout/ep_rew_mean": -18.48, "rollout/ep_len_mean": 18.48, "time/fps": 927, "time/time_elapsed": 5, "time/total_timesteps": 5120}
{"train/learning_rate": 0.0003, "train/entropy_loss": -2.7724096685647965, "train/policy_gradient_loss": -0.013145614927634598, "train/value_loss": 20.891626685857773, "train/approx_kl": 0.008094461634755135, "train/clip_fraction": 0.10078125, "train/loss": 3.398268222808838, "train/explained_variance": 1.1920928955078125e-07, "train/std": 0.9664794206619263, "train/n_updates": 580, "train/clip_range": 0.2, "time/iterations": 30, "rollout/ep_rew_mean": -17.91, "rollout/ep_len_mean": 17.91, "time/fps": 927, "time/time_elapsed": 8, "time/total_timesteps": 7680}
{"train/learning_rate": 0.0003, "train/entropy_loss": -2.7427700638771055, "train/policy_gradient_loss": -0.011458449083147571, "train/value_loss": 4.975238364934921, "train/approx_kl": 0.008846686221659184, "train/clip_fraction": 0.0810546875, "train/loss": 1.2408671379089355, "train/explained_variance": 0.0, "train/std": 0.9533776640892029, "train/n_updates": 780, "train/clip_range": 0.2, "time/iterations": 40, "rollout/ep_rew_mean": -17.72, "rollout/ep_len_mean": 17.72, "time/fps": 925, "time/time_elapsed": 11, "time/total_timesteps": 10240}
