{"train/learning_rate": 0.0001, "train/entropy_loss": -2.8359970182180403, "train/policy_gradient_loss": -0.003780872671632096, "train/value_loss": 48.75463705062866, "train/approx_kl": 0.005900601856410503, "train/clip_fraction": 0.04375, "train/loss": 22.134159088134766, "train/explained_variance": 9.5367431640625e-06, "train/std": 0.9990875720977783, "train/n_updates": 90, "train/clip_range": 0.2, "time/iterations": 10, "rollout/ep_rew_mean": -18.48, "rollout/ep_len_mean": 18.48, "time/fps": 1305, "time/time_elapsed": 3, "time/total_timesteps": 5120}
{"train/learning_rate": 0.0001, "train/entropy_loss": -2.8216120541095733, "train/policy_gradient_loss": -0.0070465293014422056, "train/value_loss": 44.41372900009155, "train/approx_kl": 0.006071190349757671, "train/clip_fraction": 0.053125, "train/loss": 19.525800704956055, "train/explained_variance": 1.901388168334961e-05, "train/std": 0.9904329180717468, "train/n_updates": 190, "train/clip_range": 0.2, "time/iterations": 20, "rollout/ep_rew_mean": -17.72, "rollout/ep_len_mean": 17.72, "time/fps": 1312, "time/time_elapsed": 7, "time/total_timesteps": 10240}
