{"train/learning_rate": 0.0003, "train/entropy_loss": -2.784334182739258, "train/policy_gradient_loss": -0.005494256282690913, "train/value_loss": 20.58438107967377, "train/approx_kl": 0.005983998533338308, "train/clip_fraction": 0.046875, "train/loss": 4.694896697998047, "train/explained_variance": 4.470348358154297e-06, "train/std": 0.9730336666107178, "train/n_updates": 180, "train/clip_range": 0.2, "time/iterations": 10, "rollout/ep_rew_mean": -18.48, "rollout/ep_len_mean": 18.48, "time/fps": 984, "time/time_elapsed": 5, "time/total_timesteps": 5120}
{"train/learning_rate": 0.0003, "train/entropy_loss": -2.625702680647373, "train/policy_gradient_loss": -0.00804078261135146, "train/value_loss": 33.35079915151, "train/approx_kl": 0.006705624051392078, "train/clip_fraction": 0.1083984375, "train/loss": 1.206373691558838, "train/explained_variance": -3.5762786865234375e-07, "train/std": 0.8913379907608032, "train/n_updates": 380, "train/clip_range": 0.2, "time/iterations": 20, "rollout/ep_rew_mean": -17.72, "rollout/ep_len_mean": 17.72, "time/fps": 863, "time/time_elapsed": 11, "time/total_timesteps": 10240}
