{"train/learning_rate": 0.0001, "train/entropy_loss": -2.8367544412612915, "train/policy_gradient_loss": -0.001893534732516855, "train/value_loss": 17.8724796295166, "train/approx_kl": 0.00044310581870377064, "train/clip_fraction": 0.0, "train/loss": 8.557182312011719, "train/explained_variance": -3.814697265625e-06, "train/std": 0.9995015859603882, "train/n_updates": 90, "train/clip_range": 0.2, "time/iterations": 10, "rollout/ep_rew_mean": -17.34, "rollout/ep_len_mean": 17.34, "time/fps": 1569, "time/time_elapsed": 1, "time/total_timesteps": 2560}
{"train/learning_rate": 0.0001, "train/entropy_loss": -2.8456308007240296, "train/policy_gradient_loss": -0.0075844647362828255, "train/value_loss": 14.049829912185668, "train/approx_kl": 0.005885516759008169, "train/clip_fraction": 0.010546875, "train/loss": 6.212521076202393, "train/explained_variance": 0.00010836124420166016, "train/std": 1.004549503326416, "train/n_updates": 190, "train/clip_range": 0.2, "time/iterations": 20, "rollout/ep_rew_mean": -18.48, "rollout/ep_len_mean": 18.48, "time/fps": 1560, "time/time_elapsed": 3, "time/total_timesteps": 5120}
{"train/learning_rate": 0.0001, "train/entropy_loss": -2.8461719274520876, "train/policy_gradient_loss": -0.004658310627564788, "train/value_loss": 10.841358995437622, "train/approx_kl": 0.0048892018385231495, "train/clip_fraction": 0.00625, "train/loss": 5.558322429656982, "train/explained_variance": -1.7881393432617188e-05, "train/std": 1.0037355422973633, "train/n_updates": 290, "train/clip_range": 0.2, "time/iterations": 30, "rollout/ep_rew_mean": -17.72, "rollout/ep_len_mean": 17.72, "time/fps": 1559, "time/time_elapsed": 4, "time/total_timesteps": 7680}
{"train/learning_rate": 0.0001, "train/entropy_loss": -2.8327014446258545, "train/policy_gradient_loss": -0.008766168518923223, "train/value_loss": 8.275975775718688, "train/approx_kl": 0.01360585168004036, "train/clip_fraction": 0.078125, "train/loss": 3.867863178253174, "train/explained_variance": -3.8623809814453125e-05, "train/std": 0.9970123171806335, "train/n_updates": 390, "train/clip_range": 0.2, "time/iterations": 40, "rollout/ep_rew_mean": -17.72, "rollout/ep_len_mean": 17.72, "time/fps": 1536, "time/time_elapsed": 6, "time/total_timesteps": 10240}
