{"train/learning_rate": 0.0001, "train/entropy_loss": -2.8300689935684202, "train/policy_gradient_loss": -0.00804349216632545, "train/value_loss": 14.257647728919983, "train/approx_kl": 0.0034740406554192305, "train/clip_fraction": 0.0208984375, "train/loss": 6.590583801269531, "train/explained_variance": -2.2172927856445312e-05, "train/std": 0.9963053464889526, "train/n_updates": 180, "train/clip_range": 0.2, "time/iterations": 10, "rollout/ep_rew_mean": -17.34, "rollout/ep_len_mean": 17.34, "time/fps": 1243, "time/time_elapsed": 2, "time/total_timesteps": 2560}
{"train/learning_rate": 0.0001, "train/entropy_loss": -2.8381574034690855, "train/policy_gradient_loss": -0.016822503658477216, "train/value_loss": 8.716987240314484, "train/approx_kl": 0.009975538589060307, "train/clip_fraction": 0.14609375, "train/loss": 4.316129207611084, "train/explained_variance": 1.3709068298339844e-05, "train/std": 1.0011786222457886, "train/n_updates": 380, "train/clip_range": 0.2, "time/iterations": 20, "rollout/ep_rew_mean": -18.48, "rollout/ep_len_mean": 18.48, "time/fps": 1208, "time/time_elapsed": 4, "time/total_timesteps": 5120}
{"train/learning_rate": 0.0001, "train/entropy_loss": -2.828732746839523, "train/policy_gradient_loss": -0.01204908088548109, "train/value_loss": 4.500597202777863, "train/approx_kl": 0.007780302315950394, "train/clip_fraction": 0.0705078125, "train/loss": 1.676932692527771, "train/explained_variance": -1.430511474609375e-05, "train/std": 0.9942371845245361, "train/n_updates": 580, "train/clip_range": 0.2, "time/iterations": 30, "rollout/ep_rew_mean": -17.72, "rollout/ep_len_mean": 17.72, "time/fps": 1201, "time/time_elapsed": 6, "time/total_timesteps": 7680}
{"train/learning_rate": 0.0001, "train/entropy_loss": -2.7734417617321014, "train/policy_gradient_loss": -0.014992245903704316, "train/value_loss": 2.1672865599393845, "train/approx_kl": 0.015718596056103706, "train/clip_fraction": 0.14609375, "train/loss": 0.4808448851108551, "train/explained_variance": -1.239776611328125e-05, "train/std": 0.967056393623352, "train/n_updates": 780, "train/clip_range": 0.2, "time/iterations": 40, "rollout/ep_rew_mean": -17.72, "rollout/ep_len_mean": 17.72, "time/fps": 1197, "time/time_elapsed": 8, "time/total_timesteps": 10240}
