{"train/learning_rate": 0.0001, "train/entropy_loss": -2.823875147104263, "train/policy_gradient_loss": -0.015113591612316669, "train/value_loss": 9.197382521629333, "train/approx_kl": 0.00858753640204668, "train/clip_fraction": 0.076953125, "train/loss": 4.237184524536133, "train/explained_variance": -7.87973403930664e-05, "train/std": 0.9930473566055298, "train/n_updates": 180, "train/clip_range": 0.2, "time/iterations": 10, "rollout/ep_rew_mean": -17.34, "rollout/ep_len_mean": 17.34, "time/fps": 981, "time/time_elapsed": 2, "time/total_timesteps": 2560}
{"train/learning_rate": 0.0001, "train/entropy_loss": -2.831303724646568, "train/policy_gradient_loss": -0.018755063496064393, "train/value_loss": 3.1098038285970686, "train/approx_kl": 0.013798831962049007, "train/clip_fraction": 0.1314453125, "train/loss": 2.23071026802063, "train/explained_variance": -2.849102020263672e-05, "train/std": 0.9983471632003784, "train/n_updates": 380, "train/clip_range": 0.2, "time/iterations": 20, "rollout/ep_rew_mean": -18.48, "rollout/ep_len_mean": 18.48, "time/fps": 947, "time/time_elapsed": 5, "time/total_timesteps": 5120}
{"train/learning_rate": 0.0001, "train/entropy_loss": -2.8045616418123247, "train/policy_gradient_loss": -0.008181689589400775, "train/value_loss": 1.3438483807607553, "train/approx_kl": 0.006529545411467552, "train/clip_fraction": 0.044140625, "train/loss": 0.010206447914242744, "train/explained_variance": 3.218650817871094e-05, "train/std": 0.9815976023674011, "train/n_updates": 580, "train/clip_range": 0.2, "time/iterations": 30, "rollout/ep_rew_mean": -17.91, "rollout/ep_len_mean": 17.91, "time/fps": 924, "time/time_elapsed": 8, "time/total_timesteps": 7680}
{"train/learning_rate": 0.0001, "train/entropy_loss": -2.764484000205994, "train/policy_gradient_loss": -0.00937234839075245, "train/value_loss": 0.008340676972875372, "train/approx_kl": 0.007557216566056013, "train/clip_fraction": 0.0654296875, "train/loss": -0.0022955036256462336, "train/explained_variance": -0.0005359649658203125, "train/std": 0.9636094570159912, "train/n_updates": 780, "train/clip_range": 0.2, "time/iterations": 40, "rollout/ep_rew_mean": -17.72, "rollout/ep_len_mean": 17.72, "time/fps": 916, "time/time_elapsed": 11, "time/total_timesteps": 10240}
