{"train/learning_rate": 0.0001, "train/entropy_loss": -2.840014797449112, "train/policy_gradient_loss": -0.001656104816356674, "train/value_loss": 52.84932632446289, "train/approx_kl": 0.002068126341328025, "train/clip_fraction": 0.000390625, "train/loss": 23.936626434326172, "train/explained_variance": 0.00011605024337768555, "train/std": 1.0010675191879272, "train/n_updates": 90, "train/clip_range": 0.2, "time/iterations": 10, "rollout/ep_rew_mean": -18.48, "rollout/ep_len_mean": 18.48, "time/fps": 1536, "time/time_elapsed": 3, "time/total_timesteps": 5120}
{"train/learning_rate": 0.0001, "train/entropy_loss": -2.833236885070801, "train/policy_gradient_loss": -0.0042084416258148846, "train/value_loss": 50.182819080352786, "train/approx_kl": 0.0071822041645646095, "train/clip_fraction": 0.02421875, "train/loss": 22.28748321533203, "train/explained_variance": -2.491474151611328e-05, "train/std": 0.9969744086265564, "train/n_updates": 190, "train/clip_range": 0.2, "time/iterations": 20, "rollout/ep_rew_mean": -17.72, "rollout/ep_len_mean": 17.72, "time/fps": 1510, "time/time_elapsed": 6, "time/total_timesteps": 10240}
