{"train/learning_rate": 0.0003, "train/entropy_loss": -2.8105139523744582, "train/policy_gradient_loss": -0.00838581755233463, "train/value_loss": 0.023053015681216493, "train/approx_kl": 0.009481380693614483, "train/clip_fraction": 0.09833984375, "train/loss": 0.008295394480228424, "train/explained_variance": 0.9752682633697987, "train/std": 0.9847265481948853, "train/n_updates": 180, "train/clip_range": 0.2, "time/iterations": 10, "rollout/ep_rew_mean": -18.48, "rollout/ep_len_mean": 18.48, "time/fps": 944, "time/time_elapsed": 5, "time/total_timesteps": 5120}
{"train/learning_rate": 0.0003, "train/entropy_loss": -2.680074068903923, "train/policy_gradient_loss": -0.016637138702208176, "train/value_loss": 1.4702535224841995e-05, "train/approx_kl": 0.01346169225871563, "train/clip_fraction": 0.16904296875, "train/loss": -0.0055736214853823185, "train/explained_variance": 0.9999953260976326, "train/std": 0.9183676838874817, "train/n_updates": 380, "train/clip_range": 0.2, "time/iterations": 20, "rollout/ep_rew_mean": -17.72, "rollout/ep_len_mean": 17.72, "time/fps": 930, "time/time_elapsed": 11, "time/total_timesteps": 10240}
