{"train/learning_rate": 0.0003, "train/entropy_loss": -2.796495446562767, "train/policy_gradient_loss": -0.0030923932383302597, "train/value_loss": 0.7878445366863162, "train/approx_kl": 0.007158392108976841, "train/clip_fraction": 0.052734375, "train/loss": 0.07405224442481995, "train/explained_variance": -1.9073486328125e-06, "train/std": 0.9800624847412109, "train/n_updates": 90, "train/clip_range": 0.2, "time/iterations": 10, "rollout/ep_rew_mean": -18.48, "rollout/ep_len_mean": 18.48, "time/fps": 1348, "time/time_elapsed": 3, "time/total_timesteps": 5120}
{"train/learning_rate": 0.0003, "train/entropy_loss": -2.7258538037538527, "train/policy_gradient_loss": -0.008196658396627754, "train/value_loss": 2.7153284238884225, "train/approx_kl": 0.006313498131930828, "train/clip_fraction": 0.092578125, "train/loss": 0.010183189064264297, "train/explained_variance": 6.23464584350586e-05, "train/std": 0.9417703151702881, "train/n_updates": 190, "train/clip_range": 0.2, "time/iterations": 20, "rollout/ep_rew_mean": -17.72, "rollout/ep_len_mean": 17.72, "time/fps": 1320, "time/time_elapsed": 7, "time/total_timesteps": 10240}
