{"train/learning_rate": 0.0001, "train/entropy_loss": -2.8177962407469748, "train/policy_gradient_loss": -0.004782098409486934, "train/value_loss": 2.1896204479038714, "train/approx_kl": 0.005331484600901604, "train/clip_fraction": 0.02939453125, "train/loss": 0.4161757528781891, "train/explained_variance": 7.414817810058594e-05, "train/std": 0.9897528886795044, "train/n_updates": 180, "train/clip_range": 0.2, "time/iterations": 10, "rollout/ep_rew_mean": -18.48, "rollout/ep_len_mean": 18.48, "time/fps": 963, "time/time_elapsed": 5, "time/total_timesteps": 5120}
{"train/learning_rate": 0.0001, "train/entropy_loss": -2.7228190287947656, "train/policy_gradient_loss": -0.006842574098118348, "train/value_loss": 1.8278483015543316, "train/approx_kl": 0.00891698058694601, "train/clip_fraction": 0.07734375, "train/loss": 0.018926240503787994, "train/explained_variance": 0.10574972629547119, "train/std": 0.9419848918914795, "train/n_updates": 380, "train/clip_range": 0.2, "time/iterations": 20, "rollout/ep_rew_mean": -17.72, "rollout/ep_len_mean": 17.72, "time/fps": 942, "time/time_elapsed": 10, "time/total_timesteps": 10240}
