{"train/learning_rate": 0.0001, "train/entropy_loss": -2.8310083895921707, "train/policy_gradient_loss": -0.0019032326294109226, "train/value_loss": 8.535855680704117, "train/approx_kl": 0.004576020874083042, "train/clip_fraction": 0.00546875, "train/loss": 3.383204936981201, "train/explained_variance": -6.556510925292969e-05, "train/std": 0.9965800046920776, "train/n_updates": 90, "train/clip_range": 0.2, "time/iterations": 10, "rollout/ep_rew_mean": -18.48, "rollout/ep_len_mean": 18.48, "time/fps": 1297, "time/time_elapsed": 3, "time/total_timesteps": 5120}
{"train/learning_rate": 0.0001, "train/entropy_loss": -2.8084812700748443, "train/policy_gradient_loss": -0.005548790271859616, "train/value_loss": 3.122337894141674, "train/approx_kl": 0.005249636247754097, "train/clip_fraction": 0.0751953125, "train/loss": 0.42725345492362976, "train/explained_variance": -2.3603439331054688e-05, "train/std": 0.9829111099243164, "train/n_updates": 190, "train/clip_range": 0.2, "time/iterations": 20, "rollout/ep_rew_mean": -17.72, "rollout/ep_len_mean": 17.72, "time/fps": 1260, "time/time_elapsed": 8, "time/total_timesteps": 10240}
