{"train/learning_rate": 0.0001, "train/entropy_loss": -2.836614751815796, "train/policy_gradient_loss": -0.0005795868346467614, "train/value_loss": 53.816504859924315, "train/approx_kl": 0.0003124079667031765, "train/clip_fraction": 0.0, "train/loss": 26.282217025756836, "train/explained_variance": 8.893013000488281e-05, "train/std": 0.9993094205856323, "train/n_updates": 90, "train/clip_range": 0.2, "time/iterations": 10, "rollout/ep_rew_mean": -17.34, "rollout/ep_len_mean": 17.34, "time/fps": 1440, "time/time_elapsed": 1, "time/total_timesteps": 2560}
{"train/learning_rate": 0.0001, "train/entropy_loss": -2.845472180843353, "train/policy_gradient_loss": -0.010639700712636114, "train/value_loss": 52.91516609191895, "train/approx_kl": 0.007619787938892841, "train/clip_fraction": 0.021875, "train/loss": 23.591327667236328, "train/explained_variance": -0.00010073184967041016, "train/std": 1.0043416023254395, "train/n_updates": 190, "train/clip_range": 0.2, "time/iterations": 20, "rollout/ep_rew_mean": -18.48, "rollout/ep_len_mean": 18.48, "time/fps": 1453, "time/time_elapsed": 3, "time/total_timesteps": 5120}
{"train/learning_rate": 0.0001, "train/entropy_loss": -2.8468955397605895, "train/policy_gradient_loss": -0.004801346361637116, "train/value_loss": 51.65579624176026, "train/approx_kl": 0.004438582807779312, "train/clip_fraction": 0.0046875, "train/loss": 26.716386795043945, "train/explained_variance": 2.491474151611328e-05, "train/std": 1.0042181015014648, "train/n_updates": 290, "train/clip_range": 0.2, "time/iterations": 30, "rollout/ep_rew_mean": -17.72, "rollout/ep_len_mean": 17.72, "time/fps": 1503, "time/time_elapsed": 5, "time/total_timesteps": 7680}
{"train/learning_rate": 0.0001, "train/entropy_loss": -2.837195634841919, "train/policy_gradient_loss": -0.009973069140687584, "train/value_loss": 50.36601085662842, "train/approx_kl": 0.012284607626497746, "train/clip_fraction": 0.060546875, "train/loss": 25.49872398376465, "train/explained_variance": -1.0013580322265625e-05, "train/std": 0.9995121955871582, "train/n_updates": 390, "train/clip_range": 0.2, "time/iterations": 40, "rollout/ep_rew_mean": -17.72, "rollout/ep_len_mean": 17.72, "time/fps": 1516, "time/time_elapsed": 6, "time/total_timesteps": 10240}
