{"train/learning_rate": 0.0003, "train/entropy_loss": -2.819595056772232, "train/policy_gradient_loss": -0.005613237177021802, "train/value_loss": 45.05634326934815, "train/approx_kl": 0.005202612839639187, "train/clip_fraction": 0.03984375, "train/loss": 20.637731552124023, "train/explained_variance": 6.735324859619141e-06, "train/std": 0.9911502599716187, "train/n_updates": 90, "train/clip_range": 0.2, "time/iterations": 10, "rollout/ep_rew_mean": -17.34, "rollout/ep_len_mean": 17.34, "time/fps": 1161, "time/time_elapsed": 2, "time/total_timesteps": 2560}
{"train/learning_rate": 0.0003, "train/entropy_loss": -2.834664613008499, "train/policy_gradient_loss": -0.019291331502608956, "train/value_loss": 39.177188110351565, "train/approx_kl": 0.011416058987379074, "train/clip_fraction": 0.15234375, "train/loss": 19.599754333496094, "train/explained_variance": 5.960464477539062e-07, "train/std": 1.0000230073928833, "train/n_updates": 190, "train/clip_range": 0.2, "time/iterations": 20, "rollout/ep_rew_mean": -18.48, "rollout/ep_len_mean": 18.48, "time/fps": 1207, "time/time_elapsed": 4, "time/total_timesteps": 5120}
{"train/learning_rate": 0.0003, "train/entropy_loss": -2.8209145069122314, "train/policy_gradient_loss": -0.013590718060731888, "train/value_loss": 32.27080326080322, "train/approx_kl": 0.007001799531280994, "train/clip_fraction": 0.092578125, "train/loss": 13.200573921203613, "train/explained_variance": 2.8014183044433594e-06, "train/std": 0.9889337420463562, "train/n_updates": 290, "train/clip_range": 0.2, "time/iterations": 30, "rollout/ep_rew_mean": -17.72, "rollout/ep_len_mean": 17.72, "time/fps": 1243, "time/time_elapsed": 6, "time/total_timesteps": 7680}
{"train/learning_rate": 0.0003, "train/entropy_loss": -2.7486134827136994, "train/policy_gradient_loss": -0.01639571486739442, "train/value_loss": 27.88112254142761, "train/approx_kl": 0.011742360889911652, "train/clip_fraction": 0.134375, "train/loss": 9.381914138793945, "train/explained_variance": 5.364418029785156e-07, "train/std": 0.9557788372039795, "train/n_updates": 390, "train/clip_range": 0.2, "time/iterations": 40, "rollout/ep_rew_mean": -17.72, "rollout/ep_len_mean": 17.72, "time/fps": 1261, "time/time_elapsed": 8, "time/total_timesteps": 10240}
