{"train/learning_rate": 0.0001, "train/entropy_loss": -2.8359133273363115, "train/policy_gradient_loss": -0.0020455636316910387, "train/value_loss": 48.76814861297608, "train/approx_kl": 0.003655816428363323, "train/clip_fraction": 0.00302734375, "train/loss": 23.33332061767578, "train/explained_variance": -3.0040740966796875e-05, "train/std": 0.9990103244781494, "train/n_updates": 180, "train/clip_range": 0.2, "time/iterations": 10, "rollout/ep_rew_mean": -18.48, "rollout/ep_len_mean": 18.48, "time/fps": 1021, "time/time_elapsed": 5, "time/total_timesteps": 5120}
{"train/learning_rate": 0.0001, "train/entropy_loss": -2.8165297716856004, "train/policy_gradient_loss": -0.010680776994558983, "train/value_loss": 44.41907548904419, "train/approx_kl": 0.009738938882946968, "train/clip_fraction": 0.10595703125, "train/loss": 20.064096450805664, "train/explained_variance": 3.7550926208496094e-06, "train/std": 0.9875150918960571, "train/n_updates": 380, "train/clip_range": 0.2, "time/iterations": 20, "rollout/ep_rew_mean": -17.72, "rollout/ep_len_mean": 17.72, "time/fps": 1119, "time/time_elapsed": 9, "time/total_timesteps": 10240}
