{"train/learning_rate": 0.0001, "train/entropy_loss": -2.833728700876236, "train/policy_gradient_loss": -0.006466188048943877, "train/value_loss": 14.27228684425354, "train/approx_kl": 0.004936385899782181, "train/clip_fraction": 0.02578125, "train/loss": 6.6480889320373535, "train/explained_variance": -0.00046443939208984375, "train/std": 0.9981976747512817, "train/n_updates": 90, "train/clip_range": 0.2, "time/iterations": 10, "rollout/ep_rew_mean": -17.34, "rollout/ep_len_mean": 17.34, "time/fps": 1329, "time/time_elapsed": 1, "time/total_timesteps": 2560}
{"train/learning_rate": 0.0001, "train/entropy_loss": -2.843316411972046, "train/policy_gradient_loss": -0.01585951333399862, "train/value_loss": 8.750940537452697, "train/approx_kl": 0.007347597740590572, "train/clip_fraction": 0.066796875, "train/loss": 4.492441177368164, "train/explained_variance": -9.381771087646484e-05, "train/std": 1.0034505128860474, "train/n_updates": 190, "train/clip_range": 0.2, "time/iterations": 20, "rollout/ep_rew_mean": -18.48, "rollout/ep_len_mean": 18.48, "time/fps": 1319, "time/time_elapsed": 3, "time/total_timesteps": 5120}
{"train/learning_rate": 0.0001, "train/entropy_loss": -2.835387057065964, "train/policy_gradient_loss": -0.010193393053486943, "train/value_loss": 4.520111751556397, "train/approx_kl": 0.00872779730707407, "train/clip_fraction": 0.061328125, "train/loss": 1.758376121520996, "train/explained_variance": -3.826618194580078e-05, "train/std": 0.9980226755142212, "train/n_updates": 290, "train/clip_range": 0.2, "time/iterations": 30, "rollout/ep_rew_mean": -17.72, "rollout/ep_len_mean": 17.72, "time/fps": 1293, "time/time_elapsed": 5, "time/total_timesteps": 7680}
{"train/learning_rate": 0.0001, "train/entropy_loss": -2.803582328557968, "train/policy_gradient_loss": -0.0145298833376728, "train/value_loss": 2.1800910204648973, "train/approx_kl": 0.008832929655909538, "train/clip_fraction": 0.13125, "train/loss": 0.44537481665611267, "train/explained_variance": -2.0742416381835938e-05, "train/std": 0.9824020862579346, "train/n_updates": 390, "train/clip_range": 0.2, "time/iterations": 40, "rollout/ep_rew_mean": -17.72, "rollout/ep_len_mean": 17.72, "time/fps": 1298, "time/time_elapsed": 7, "time/total_timesteps": 10240}
