{"train/learning_rate": 0.0001, "train/entropy_loss": -2.82889738380909, "train/policy_gradient_loss": -0.003928898158483208, "train/value_loss": 8.56844123005867, "train/approx_kl": 0.005460535176098347, "train/clip_fraction": 0.01875, "train/loss": 3.61806583404541, "train/explained_variance": 0.00014013051986694336, "train/std": 0.9950296878814697, "train/n_updates": 180, "train/clip_range": 0.2, "time/iterations": 10, "rollout/ep_rew_mean": -18.48, "rollout/ep_len_mean": 18.48, "time/fps": 1329, "time/time_elapsed": 3, "time/total_timesteps": 5120}
{"train/learning_rate": 0.0001, "train/entropy_loss": -2.779454317688942, "train/policy_gradient_loss": -0.008458736367174424, "train/value_loss": 3.1256721034646033, "train/approx_kl": 0.009629719890654087, "train/clip_fraction": 0.0966796875, "train/loss": 0.4219917356967926, "train/explained_variance": 3.30805778503418e-05, "train/std": 0.9685060977935791, "train/n_updates": 380, "train/clip_range": 0.2, "time/iterations": 20, "rollout/ep_rew_mean": -17.72, "rollout/ep_len_mean": 17.72, "time/fps": 1285, "time/time_elapsed": 7, "time/total_timesteps": 10240}
