{"train/learning_rate": 0.0001, "train/entropy_loss": -2.829998514056206, "train/policy_gradient_loss": -0.009517407114617526, "train/value_loss": 66.75188684463501, "train/approx_kl": 0.00794283114373684, "train/clip_fraction": 0.040234375, "train/loss": 29.182743072509766, "train/explained_variance": 0.000650942325592041, "train/std": 0.9962702393531799, "train/n_updates": 30, "train/clip_range": 0.2, "time/iterations": 4, "rollout/ep_rew_mean": -16.57377049180328, "rollout/ep_len_mean": 16.57377049180328, "time/fps": 301, "time/time_elapsed": 3, "time/total_timesteps": 1024}
{"train/learning_rate": 0.0001, "train/entropy_loss": -2.8300837725400925, "train/policy_gradient_loss": -0.0008359356201253831, "train/value_loss": 68.17828674316407, "train/approx_kl": 0.0001551422756165266, "train/clip_fraction": 0.0, "train/loss": 30.532794952392578, "train/explained_variance": 2.6226043701171875e-05, "train/std": 0.9965591430664062, "train/n_updates": 70, "train/clip_range": 0.2, "time/iterations": 8, "rollout/ep_rew_mean": -17.53, "rollout/ep_len_mean": 17.53, "time/fps": 284, "time/time_elapsed": 7, "time/total_timesteps": 2048}
{"train/learning_rate": 0.0001, "train/entropy_loss": -2.8360005915164948, "train/policy_gradient_loss": -0.013530373883744081, "train/value_loss": 69.32432309786479, "train/approx_kl": 0.011933932080864906, "train/clip_fraction": 0.099609375, "train/loss": 26.99705696105957, "train/explained_variance": 1.9788742065429688e-05, "train/std": 0.9994423389434814, "train/n_updates": 106, "train/clip_range": 0.2, "time/iterations": 12, "rollout/ep_rew_mean": -17.91, "rollout/ep_len_mean": 17.91, "time/fps": 295, "time/time_elapsed": 10, "time/total_timesteps": 3072}
{"train/learning_rate": 0.0001, "train/entropy_loss": -2.841208804398775, "train/policy_gradient_loss": -0.01152050510427216, "train/value_loss": 68.76206070184708, "train/approx_kl": 0.009908566251397133, "train/clip_fraction": 0.0693359375, "train/loss": 30.855802536010742, "train/explained_variance": -6.794929504394531e-06, "train/std": 1.001347541809082, "train/n_updates": 144, "train/clip_range": 0.2, "time/iterations": 16, "rollout/ep_rew_mean": -18.67, "rollout/ep_len_mean": 18.67, "time/fps": 289, "time/time_elapsed": 14, "time/total_timesteps": 4096}
{"train/learning_rate": 0.0001, "train/entropy_loss": -2.8381623732738004, "train/policy_gradient_loss": -0.014647490106140956, "train/value_loss": 70.94552749242538, "train/approx_kl": 0.012222600169479847, "train/clip_fraction": 0.08333333333333333, "train/loss": 30.222585678100586, "train/explained_variance": -4.410743713378906e-06, "train/std": 1.0006773471832275, "train/n_updates": 179, "train/clip_range": 0.2, "time/iterations": 20, "rollout/ep_rew_mean": -18.48, "rollout/ep_len_mean": 18.48, "time/fps": 296, "time/time_elapsed": 17, "time/total_timesteps": 5120}
{"train/learning_rate": 0.0001, "train/entropy_loss": -2.8401178508996963, "train/policy_gradient_loss": -0.004195128017454408, "train/value_loss": 67.43959798812867, "train/approx_kl": 0.006071059964597225, "train/clip_fraction": 0.02734375, "train/loss": 32.891822814941406, "train/explained_variance": 6.854534149169922e-06, "train/std": 1.000855565071106, "train/n_updates": 219, "train/clip_range": 0.2, "time/iterations": 24, "rollout/ep_rew_mean": -18.29, "rollout/ep_len_mean": 18.29, "time/fps": 286, "time/time_elapsed": 21, "time/total_timesteps": 6144}
{"train/learning_rate": 0.0001, "train/entropy_loss": -2.8468265503644945, "train/policy_gradient_loss": -0.004337237699655816, "train/value_loss": 67.92034769058228, "train/approx_kl": 0.005551445297896862, "train/clip_fraction": 0.022265625, "train/loss": 32.50748825073242, "train/explained_variance": -7.152557373046875e-07, "train/std": 1.004990577697754, "train/n_updates": 253, "train/clip_range": 0.2, "time/iterations": 28, "rollout/ep_rew_mean": -18.1, "rollout/ep_len_mean": 18.1, "time/fps": 289, "time/time_elapsed": 24, "time/total_timesteps": 7168}
{"train/learning_rate": 0.0001, "train/entropy_loss": -2.840833082795143, "train/policy_gradient_loss": -0.006074277427978813, "train/value_loss": 70.95329184532166, "train/approx_kl": 0.005974671803414822, "train/clip_fraction": 0.046484375, "train/loss": 31.365711212158203, "train/explained_variance": 3.2186508178710938e-06, "train/std": 1.0007390975952148, "train/n_updates": 293, "train/clip_range": 0.2, "time/iterations": 32, "rollout/ep_rew_mean": -17.53, "rollout/ep_len_mean": 17.53, "time/fps": 283, "time/time_elapsed": 28, "time/total_timesteps": 8192}
{"train/learning_rate": 0.0001, "train/entropy_loss": -2.827059841156006, "train/policy_gradient_loss": -0.0029159084195271136, "train/value_loss": 72.02314620018005, "train/approx_kl": 0.003662640694528818, "train/clip_fraction": 0.01875, "train/loss": 30.27332305908203, "train/explained_variance": 0.0, "train/std": 0.9943437576293945, "train/n_updates": 327, "train/clip_range": 0.2, "time/iterations": 36, "rollout/ep_rew_mean": -17.53, "rollout/ep_len_mean": 17.53, "time/fps": 286, "time/time_elapsed": 32, "time/total_timesteps": 9216}
{"train/learning_rate": 0.0001, "train/entropy_loss": -2.818472654923149, "train/policy_gradient_loss": -0.008670555427670479, "train/value_loss": 73.1587894273841, "train/approx_kl": 0.009831526316702366, "train/clip_fraction": 0.059782608695652176, "train/loss": 35.594078063964844, "train/explained_variance": 7.152557373046875e-07, "train/std": 0.9903403520584106, "train/n_updates": 353, "train/clip_range": 0.2, "time/iterations": 40, "rollout/ep_rew_mean": -17.72, "rollout/ep_len_mean": 17.72, "time/fps": 290, "time/time_elapsed": 35, "time/total_timesteps": 10240}
