{"train/learning_rate": 0.0001, "train/entropy_loss": -2.8377344399690627, "train/policy_gradient_loss": -0.004734344338066876, "train/value_loss": 66.5946388721466, "train/approx_kl": 0.003709659678861499, "train/clip_fraction": 0.007421875, "train/loss": 29.09505844116211, "train/explained_variance": -6.020069122314453e-05, "train/std": 0.9995241165161133, "train/n_updates": 30, "train/clip_range": 0.2, "time/iterations": 4, "rollout/ep_rew_mean": -16.57377049180328, "rollout/ep_len_mean": 16.57377049180328, "time/fps": 425, "time/time_elapsed": 2, "time/total_timesteps": 1024}
{"train/learning_rate": 0.0001, "train/entropy_loss": -2.8348610907793046, "train/policy_gradient_loss": -0.0062219402869232, "train/value_loss": 68.25765347480774, "train/approx_kl": 0.0054823183454573154, "train/clip_fraction": 0.023046875, "train/loss": 30.609045028686523, "train/explained_variance": -1.6689300537109375e-05, "train/std": 0.999113142490387, "train/n_updates": 70, "train/clip_range": 0.2, "time/iterations": 8, "rollout/ep_rew_mean": -17.53, "rollout/ep_len_mean": 17.53, "time/fps": 385, "time/time_elapsed": 5, "time/total_timesteps": 2048}
{"train/learning_rate": 0.0001, "train/entropy_loss": -2.833146893978119, "train/policy_gradient_loss": -0.009229573013726622, "train/value_loss": 67.78685188293457, "train/approx_kl": 0.0064008645713329315, "train/clip_fraction": 0.031640625, "train/loss": 31.986156463623047, "train/explained_variance": -7.867813110351562e-06, "train/std": 0.9977782964706421, "train/n_updates": 110, "train/clip_range": 0.2, "time/iterations": 12, "rollout/ep_rew_mean": -17.91, "rollout/ep_len_mean": 17.91, "time/fps": 375, "time/time_elapsed": 8, "time/total_timesteps": 3072}
{"train/learning_rate": 0.0001, "train/entropy_loss": -2.8330629497766493, "train/policy_gradient_loss": -0.011606964748352766, "train/value_loss": 68.03203520774841, "train/approx_kl": 0.00630108593031764, "train/clip_fraction": 0.066796875, "train/loss": 32.280696868896484, "train/explained_variance": -1.1920928955078125e-07, "train/std": 0.9969574213027954, "train/n_updates": 150, "train/clip_range": 0.2, "time/iterations": 16, "rollout/ep_rew_mean": -18.67, "rollout/ep_len_mean": 18.67, "time/fps": 364, "time/time_elapsed": 11, "time/total_timesteps": 4096}
{"train/learning_rate": 0.0001, "train/entropy_loss": -2.819007107615471, "train/policy_gradient_loss": -0.01421465874882415, "train/value_loss": 69.14783720970154, "train/approx_kl": 0.013083189725875854, "train/clip_fraction": 0.0859375, "train/loss": 32.10092544555664, "train/explained_variance": -2.7418136596679688e-06, "train/std": 0.9896687269210815, "train/n_updates": 190, "train/clip_range": 0.2, "time/iterations": 20, "rollout/ep_rew_mean": -18.48, "rollout/ep_len_mean": 18.48, "time/fps": 342, "time/time_elapsed": 14, "time/total_timesteps": 5120}
{"train/learning_rate": 0.0001, "train/entropy_loss": -2.812549835443497, "train/policy_gradient_loss": -0.005051144142635166, "train/value_loss": 67.44059982299805, "train/approx_kl": 0.004689245484769344, "train/clip_fraction": 0.018359375, "train/loss": 28.432668685913086, "train/explained_variance": 5.364418029785156e-07, "train/std": 0.9875904321670532, "train/n_updates": 230, "train/clip_range": 0.2, "time/iterations": 24, "rollout/ep_rew_mean": -18.29, "rollout/ep_len_mean": 18.29, "time/fps": 331, "time/time_elapsed": 18, "time/total_timesteps": 6144}
{"train/learning_rate": 0.0001, "train/entropy_loss": -2.8104004859924316, "train/policy_gradient_loss": -0.013476476789219306, "train/value_loss": 68.06526327133179, "train/approx_kl": 0.008469775319099426, "train/clip_fraction": 0.083984375, "train/loss": 31.445999145507812, "train/explained_variance": -2.384185791015625e-06, "train/std": 0.9862451553344727, "train/n_updates": 270, "train/clip_range": 0.2, "time/iterations": 28, "rollout/ep_rew_mean": -18.1, "rollout/ep_len_mean": 18.1, "time/fps": 323, "time/time_elapsed": 22, "time/total_timesteps": 7168}
{"train/learning_rate": 0.0001, "train/entropy_loss": -2.810634371638298, "train/policy_gradient_loss": -0.01423218856798485, "train/value_loss": 71.42281651496887, "train/approx_kl": 0.009480454958975315, "train/clip_fraction": 0.105859375, "train/loss": 22.45670509338379, "train/explained_variance": -1.0728836059570312e-06, "train/std": 0.9866068363189697, "train/n_updates": 310, "train/clip_range": 0.2, "time/iterations": 32, "rollout/ep_rew_mean": -17.53, "rollout/ep_len_mean": 17.53, "time/fps": 314, "time/time_elapsed": 26, "time/total_timesteps": 8192}
{"train/learning_rate": 0.0001, "train/entropy_loss": -2.8107473373413088, "train/policy_gradient_loss": -0.011305880249710753, "train/value_loss": 72.70508666038513, "train/approx_kl": 0.008014754392206669, "train/clip_fraction": 0.08359375, "train/loss": 35.37641525268555, "train/explained_variance": -3.5762786865234375e-07, "train/std": 0.9881011843681335, "train/n_updates": 350, "train/clip_range": 0.2, "time/iterations": 36, "rollout/ep_rew_mean": -17.53, "rollout/ep_len_mean": 17.53, "time/fps": 309, "time/time_elapsed": 29, "time/total_timesteps": 9216}
{"train/learning_rate": 0.0001, "train/entropy_loss": -2.812803477048874, "train/policy_gradient_loss": -0.0044594382168725135, "train/value_loss": 70.75431871414185, "train/approx_kl": 0.0039253998547792435, "train/clip_fraction": 0.003125, "train/loss": 28.388696670532227, "train/explained_variance": 0.0, "train/std": 0.9883137941360474, "train/n_updates": 390, "train/clip_range": 0.2, "time/iterations": 40, "rollout/ep_rew_mean": -17.72, "rollout/ep_len_mean": 17.72, "time/fps": 303, "time/time_elapsed": 33, "time/total_timesteps": 10240}
