{"train/learning_rate": 0.0001, "train/entropy_loss": -2.8298091888427734, "train/policy_gradient_loss": -0.009900851565180346, "train/value_loss": 66.83281502723693, "train/approx_kl": 0.008194491267204285, "train/clip_fraction": 0.041796875, "train/loss": 29.23370361328125, "train/explained_variance": -0.0004382133483886719, "train/std": 0.9961669445037842, "train/n_updates": 30, "train/clip_range": 0.2, "time/iterations": 4, "rollout/ep_rew_mean": -16.57377049180328, "rollout/ep_len_mean": 16.57377049180328, "time/fps": 580, "time/time_elapsed": 1, "time/total_timesteps": 1024}
{"train/learning_rate": 0.0001, "train/entropy_loss": -2.829856422543526, "train/policy_gradient_loss": -0.0017830937169492245, "train/value_loss": 68.16992225646973, "train/approx_kl": 0.0007811770774424076, "train/clip_fraction": 0.0, "train/loss": 30.51015853881836, "train/explained_variance": -0.00011813640594482422, "train/std": 0.9964708089828491, "train/n_updates": 70, "train/clip_range": 0.2, "time/iterations": 8, "rollout/ep_rew_mean": -17.53, "rollout/ep_len_mean": 17.53, "time/fps": 524, "time/time_elapsed": 3, "time/total_timesteps": 2048}
{"train/learning_rate": 0.0001, "train/entropy_loss": -2.8342931071917215, "train/policy_gradient_loss": -0.008118386807230612, "train/value_loss": 70.52411890029907, "train/approx_kl": 0.00995560921728611, "train/clip_fraction": 0.052083333333333336, "train/loss": 28.638877868652344, "train/explained_variance": -1.823902130126953e-05, "train/std": 0.9985114336013794, "train/n_updates": 103, "train/clip_range": 0.2, "time/iterations": 12, "rollout/ep_rew_mean": -17.91, "rollout/ep_len_mean": 17.91, "time/fps": 485, "time/time_elapsed": 6, "time/total_timesteps": 3072}
{"train/learning_rate": 0.0001, "train/entropy_loss": -2.8397502541542052, "train/policy_gradient_loss": -0.012649743456859142, "train/value_loss": 67.96077942848206, "train/approx_kl": 0.008520987816154957, "train/clip_fraction": 0.05703125, "train/loss": 30.058757781982422, "train/explained_variance": -3.2186508178710938e-06, "train/std": 1.0004684925079346, "train/n_updates": 141, "train/clip_range": 0.2, "time/iterations": 16, "rollout/ep_rew_mean": -18.67, "rollout/ep_len_mean": 18.67, "time/fps": 415, "time/time_elapsed": 9, "time/total_timesteps": 4096}
{"train/learning_rate": 0.0001, "train/entropy_loss": -2.8354868381581406, "train/policy_gradient_loss": -0.013217743624873619, "train/value_loss": 71.25802531140916, "train/approx_kl": 0.01139900740236044, "train/clip_fraction": 0.06582446808510638, "train/loss": 39.43748092651367, "train/explained_variance": -1.4066696166992188e-05, "train/std": 0.9992730617523193, "train/n_updates": 175, "train/clip_range": 0.2, "time/iterations": 20, "rollout/ep_rew_mean": -18.67, "rollout/ep_len_mean": 18.67, "time/fps": 390, "time/time_elapsed": 13, "time/total_timesteps": 5120}
{"train/learning_rate": 0.0001, "train/entropy_loss": -2.83621525367101, "train/policy_gradient_loss": -0.006155161877783636, "train/value_loss": 68.71438604990641, "train/approx_kl": 0.010541301220655441, "train/clip_fraction": 0.057291666666666664, "train/loss": 26.00130271911621, "train/explained_variance": -1.5139579772949219e-05, "train/std": 0.9985461235046387, "train/n_updates": 213, "train/clip_range": 0.2, "time/iterations": 24, "rollout/ep_rew_mean": -18.48, "rollout/ep_len_mean": 18.48, "time/fps": 384, "time/time_elapsed": 15, "time/total_timesteps": 6144}
{"train/learning_rate": 0.0001, "train/entropy_loss": -2.833828681707382, "train/policy_gradient_loss": -0.009274005622137338, "train/value_loss": 68.1198595046997, "train/approx_kl": 0.007547522895038128, "train/clip_fraction": 0.08125, "train/loss": 38.369422912597656, "train/explained_variance": -1.1920928955078125e-07, "train/std": 0.9984793663024902, "train/n_updates": 253, "train/clip_range": 0.2, "time/iterations": 28, "rollout/ep_rew_mean": -18.1, "rollout/ep_len_mean": 18.1, "time/fps": 373, "time/time_elapsed": 19, "time/total_timesteps": 7168}
{"train/learning_rate": 0.0001, "train/entropy_loss": -2.8350646555423737, "train/policy_gradient_loss": -0.005991727381478995, "train/value_loss": 70.8763295173645, "train/approx_kl": 0.005177884362637997, "train/clip_fraction": 0.046875, "train/loss": 31.23236083984375, "train/explained_variance": 3.2782554626464844e-06, "train/std": 0.9973413348197937, "train/n_updates": 289, "train/clip_range": 0.2, "time/iterations": 32, "rollout/ep_rew_mean": -17.53, "rollout/ep_len_mean": 17.53, "time/fps": 378, "time/time_elapsed": 21, "time/total_timesteps": 8192}
{"train/learning_rate": 0.0001, "train/entropy_loss": -2.82984474003315, "train/policy_gradient_loss": -0.00823642568429932, "train/value_loss": 71.74665665626526, "train/approx_kl": 0.0035515092313289642, "train/clip_fraction": 0.016015625, "train/loss": 35.541561126708984, "train/explained_variance": 2.384185791015625e-07, "train/std": 0.9947894215583801, "train/n_updates": 326, "train/clip_range": 0.2, "time/iterations": 36, "rollout/ep_rew_mean": -17.72, "rollout/ep_len_mean": 17.72, "time/fps": 377, "time/time_elapsed": 24, "time/total_timesteps": 9216}
{"train/learning_rate": 0.0001, "train/entropy_loss": -2.816097119450569, "train/policy_gradient_loss": -0.011707925971131771, "train/value_loss": 67.45570569038391, "train/approx_kl": 0.007688399404287338, "train/clip_fraction": 0.07890625, "train/loss": 26.309764862060547, "train/explained_variance": -3.814697265625e-06, "train/std": 0.9885104894638062, "train/n_updates": 363, "train/clip_range": 0.2, "time/iterations": 40, "rollout/ep_rew_mean": -17.91, "rollout/ep_len_mean": 17.91, "time/fps": 351, "time/time_elapsed": 29, "time/total_timesteps": 10240}
