{"train/learning_rate": 0.0003, "train/entropy_loss": -2.8095479547977447, "train/policy_gradient_loss": -0.008766106818802655, "train/value_loss": 45.056236743927, "train/approx_kl": 0.004233471117913723, "train/clip_fraction": 0.0205078125, "train/loss": 20.120426177978516, "train/explained_variance": 3.522634506225586e-05, "train/std": 0.9862275123596191, "train/n_updates": 180, "train/clip_range": 0.2, "time/iterations": 10, "rollout/ep_rew_mean": -17.34, "rollout/ep_len_mean": 17.34, "time/fps": 1269, "time/time_elapsed": 2, "time/total_timesteps": 2560}
{"train/learning_rate": 0.0003, "train/entropy_loss": -2.827604115009308, "train/policy_gradient_loss": -0.015613949054386466, "train/value_loss": 39.383679437637326, "train/approx_kl": 0.008806120604276657, "train/clip_fraction": 0.151171875, "train/loss": 18.09340476989746, "train/explained_variance": 1.621246337890625e-05, "train/std": 0.9961329698562622, "train/n_updates": 380, "train/clip_range": 0.2, "time/iterations": 20, "rollout/ep_rew_mean": -18.67, "rollout/ep_len_mean": 18.67, "time/fps": 1190, "time/time_elapsed": 4, "time/total_timesteps": 5120}
{"train/learning_rate": 0.0003, "train/entropy_loss": -2.7985546827316283, "train/policy_gradient_loss": -0.01340996588114649, "train/value_loss": 32.35315117835999, "train/approx_kl": 0.009425856173038483, "train/clip_fraction": 0.0822265625, "train/loss": 12.302184104919434, "train/explained_variance": 5.364418029785156e-06, "train/std": 0.9779890179634094, "train/n_updates": 580, "train/clip_range": 0.2, "time/iterations": 30, "rollout/ep_rew_mean": -17.91, "rollout/ep_len_mean": 17.91, "time/fps": 1174, "time/time_elapsed": 6, "time/total_timesteps": 7680}
{"train/learning_rate": 0.0003, "train/entropy_loss": -2.6950767993927003, "train/policy_gradient_loss": -0.01642029391368851, "train/value_loss": 22.728072071075438, "train/approx_kl": 0.008091206662356853, "train/clip_fraction": 0.136328125, "train/loss": 9.702560424804688, "train/explained_variance": -2.384185791015625e-07, "train/std": 0.9286420345306396, "train/n_updates": 780, "train/clip_range": 0.2, "time/iterations": 40, "rollout/ep_rew_mean": -17.72, "rollout/ep_len_mean": 17.72, "time/fps": 1182, "time/time_elapsed": 8, "time/total_timesteps": 10240}
