{"train/learning_rate": 0.0003, "train/entropy_loss": -2.7644604414701464, "train/policy_gradient_loss": -0.016806110565084964, "train/value_loss": 3.6089389331638815, "train/approx_kl": 0.013770170509815216, "train/clip_fraction": 0.159765625, "train/loss": 2.3127424716949463, "train/explained_variance": -1.0251998901367188e-05, "train/std": 0.9650864601135254, "train/n_updates": 180, "train/clip_range": 0.2, "time/iterations": 10, "rollout/ep_rew_mean": -17.34, "rollout/ep_len_mean": 17.34, "time/fps": 883, "time/time_elapsed": 2, "time/total_timesteps": 2560}
{"train/learning_rate": 0.0003, "train/entropy_loss": -2.764646679162979, "train/policy_gradient_loss": -0.011406864208402112, "train/value_loss": 2.769756909669377, "train/approx_kl": 0.010522803291678429, "train/clip_fraction": 0.15859375, "train/loss": 0.004584811627864838, "train/explained_variance": 1.4841556549072266e-05, "train/std": 0.9662572145462036, "train/n_updates": 380, "train/clip_range": 0.2, "time/iterations": 20, "rollout/ep_rew_mean": -18.67, "rollout/ep_len_mean": 18.67, "time/fps": 844, "time/time_elapsed": 6, "time/total_timesteps": 5120}
{"train/learning_rate": 0.0003, "train/entropy_loss": -2.7303356409072874, "train/policy_gradient_loss": -0.009578300040448084, "train/value_loss": 0.3794179566088133, "train/approx_kl": 0.005748911295086145, "train/clip_fraction": 0.081640625, "train/loss": 0.000766463577747345, "train/explained_variance": 0.6405667066574097, "train/std": 0.9483170509338379, "train/n_updates": 580, "train/clip_range": 0.2, "time/iterations": 30, "rollout/ep_rew_mean": -17.72, "rollout/ep_len_mean": 17.72, "time/fps": 849, "time/time_elapsed": 9, "time/total_timesteps": 7680}
{"train/learning_rate": 0.0003, "train/entropy_loss": -2.7881993383169172, "train/policy_gradient_loss": -0.010850860609207303, "train/value_loss": 0.0009423225601494778, "train/approx_kl": 0.008243370801210403, "train/clip_fraction": 0.1296875, "train/loss": -0.0006747503066435456, "train/explained_variance": 0.7439607977867126, "train/std": 0.9790115356445312, "train/n_updates": 780, "train/clip_range": 0.2, "time/iterations": 40, "rollout/ep_rew_mean": -17.72, "rollout/ep_len_mean": 17.72, "time/fps": 858, "time/time_elapsed": 11, "time/total_timesteps": 10240}
