{"train/learning_rate": 0.0001, "train/entropy_loss": -2.8298314273357392, "train/policy_gradient_loss": -0.009929605451179668, "train/value_loss": 66.80295600891114, "train/approx_kl": 0.00788312777876854, "train/clip_fraction": 0.065625, "train/loss": 29.22719383239746, "train/explained_variance": 0.00015562772750854492, "train/std": 0.996281087398529, "train/n_updates": 30, "train/clip_range": 0.2, "time/iterations": 4, "rollout/ep_rew_mean": -16.57377049180328, "rollout/ep_len_mean": 16.57377049180328, "time/fps": 323, "time/time_elapsed": 3, "time/total_timesteps": 1024}
{"train/learning_rate": 0.0001, "train/entropy_loss": -2.8295548617839814, "train/policy_gradient_loss": -0.004686216672416777, "train/value_loss": 68.16959314346313, "train/approx_kl": 0.0042044916190207005, "train/clip_fraction": 0.019921875, "train/loss": 30.48964500427246, "train/explained_variance": -0.00010216236114501953, "train/std": 0.9962167143821716, "train/n_updates": 70, "train/clip_range": 0.2, "time/iterations": 8, "rollout/ep_rew_mean": -17.53, "rollout/ep_len_mean": 17.53, "time/fps": 287, "time/time_elapsed": 7, "time/total_timesteps": 2048}
{"train/learning_rate": 0.0001, "train/entropy_loss": -2.834079992771149, "train/policy_gradient_loss": -0.015800882724579423, "train/value_loss": 67.76891007423401, "train/approx_kl": 0.013208696618676186, "train/clip_fraction": 0.144921875, "train/loss": 31.9980525970459, "train/explained_variance": 7.808208465576172e-06, "train/std": 0.9986744523048401, "train/n_updates": 110, "train/clip_range": 0.2, "time/iterations": 12, "rollout/ep_rew_mean": -17.91, "rollout/ep_len_mean": 17.91, "time/fps": 257, "time/time_elapsed": 11, "time/total_timesteps": 3072}
{"train/learning_rate": 0.0001, "train/entropy_loss": -2.8411038547754286, "train/policy_gradient_loss": -0.007573360181413591, "train/value_loss": 68.02365860939025, "train/approx_kl": 0.00548150110989809, "train/clip_fraction": 0.016015625, "train/loss": 32.294925689697266, "train/explained_variance": -9.5367431640625e-06, "train/std": 1.001236915588379, "train/n_updates": 150, "train/clip_range": 0.2, "time/iterations": 16, "rollout/ep_rew_mean": -18.67, "rollout/ep_len_mean": 18.67, "time/fps": 247, "time/time_elapsed": 16, "time/total_timesteps": 4096}
{"train/learning_rate": 0.0001, "train/entropy_loss": -2.8387447714805605, "train/policy_gradient_loss": -0.016595928359311073, "train/value_loss": 69.13758358955383, "train/approx_kl": 0.010824979282915592, "train/clip_fraction": 0.135546875, "train/loss": 32.073028564453125, "train/explained_variance": -1.9073486328125e-06, "train/std": 1.0015655755996704, "train/n_updates": 190, "train/clip_range": 0.2, "time/iterations": 20, "rollout/ep_rew_mean": -18.48, "rollout/ep_len_mean": 18.48, "time/fps": 242, "time/time_elapsed": 21, "time/total_timesteps": 5120}
{"train/learning_rate": 0.0001, "train/entropy_loss": -2.8400638878345488, "train/policy_gradient_loss": -0.003125782945426181, "train/value_loss": 67.43855895996094, "train/approx_kl": 0.0038325863424688578, "train/clip_fraction": 0.01640625, "train/loss": 28.443941116333008, "train/explained_variance": 6.556510925292969e-07, "train/std": 1.0005861520767212, "train/n_updates": 230, "train/clip_range": 0.2, "time/iterations": 24, "rollout/ep_rew_mean": -18.29, "rollout/ep_len_mean": 18.29, "time/fps": 245, "time/time_elapsed": 25, "time/total_timesteps": 6144}
{"train/learning_rate": 0.0001, "train/entropy_loss": -2.8456754356622698, "train/policy_gradient_loss": -0.014802562724798917, "train/value_loss": 68.05968551635742, "train/approx_kl": 0.010402301326394081, "train/clip_fraction": 0.103515625, "train/loss": 31.46714973449707, "train/explained_variance": -9.655952453613281e-06, "train/std": 1.0038268566131592, "train/n_updates": 270, "train/clip_range": 0.2, "time/iterations": 28, "rollout/ep_rew_mean": -18.1, "rollout/ep_len_mean": 18.1, "time/fps": 243, "time/time_elapsed": 29, "time/total_timesteps": 7168}
{"train/learning_rate": 0.0001, "train/entropy_loss": -2.837325021624565, "train/policy_gradient_loss": -0.011008527455851435, "train/value_loss": 71.40762443542481, "train/approx_kl": 0.009609191678464413, "train/clip_fraction": 0.0515625, "train/loss": 22.483457565307617, "train/explained_variance": 1.1324882507324219e-06, "train/std": 0.999046802520752, "train/n_updates": 310, "train/clip_range": 0.2, "time/iterations": 32, "rollout/ep_rew_mean": -17.53, "rollout/ep_len_mean": 17.53, "time/fps": 246, "time/time_elapsed": 33, "time/total_timesteps": 8192}
{"train/learning_rate": 0.0001, "train/entropy_loss": -2.8228158205747604, "train/policy_gradient_loss": -0.002921828208491206, "train/value_loss": 72.68810510635376, "train/approx_kl": 0.006063534412533045, "train/clip_fraction": 0.03125, "train/loss": 35.41835403442383, "train/explained_variance": -2.384185791015625e-07, "train/std": 0.9923825263977051, "train/n_updates": 350, "train/clip_range": 0.2, "time/iterations": 36, "rollout/ep_rew_mean": -17.53, "rollout/ep_len_mean": 17.53, "time/fps": 246, "time/time_elapsed": 37, "time/total_timesteps": 9216}
{"train/learning_rate": 0.0001, "train/entropy_loss": -2.8130615919828417, "train/policy_gradient_loss": -0.01722329102922231, "train/value_loss": 70.7481533050537, "train/approx_kl": 0.008188281208276749, "train/clip_fraction": 0.088671875, "train/loss": 28.375221252441406, "train/explained_variance": 1.9073486328125e-06, "train/std": 0.987383246421814, "train/n_updates": 390, "train/clip_range": 0.2, "time/iterations": 40, "rollout/ep_rew_mean": -17.72, "rollout/ep_len_mean": 17.72, "time/fps": 244, "time/time_elapsed": 41, "time/total_timesteps": 10240}
