{"train/learning_rate": 0.0003, "train/entropy_loss": -2.82558913230896, "train/policy_gradient_loss": -0.00496305557899177, "train/value_loss": 11.73906135559082, "train/approx_kl": 0.007295999210327864, "train/clip_fraction": 0.025390625, "train/loss": 5.348932266235352, "train/explained_variance": -9.274482727050781e-05, "train/std": 0.994043231010437, "train/n_updates": 90, "train/clip_range": 0.2, "time/iterations": 10, "rollout/ep_rew_mean": -17.34, "rollout/ep_len_mean": 17.34, "time/fps": 1467, "time/time_elapsed": 1, "time/total_timesteps": 2560}
{"train/learning_rate": 0.0003, "train/entropy_loss": -2.8406611323356628, "train/policy_gradient_loss": -0.015372718265280128, "train/value_loss": 5.271232962608337, "train/approx_kl": 0.017006266862154007, "train/clip_fraction": 0.135546875, "train/loss": 2.13311505317688, "train/explained_variance": -2.944469451904297e-05, "train/std": 1.0025415420532227, "train/n_updates": 190, "train/clip_range": 0.2, "time/iterations": 20, "rollout/ep_rew_mean": -18.48, "rollout/ep_len_mean": 18.48, "time/fps": 1532, "time/time_elapsed": 3, "time/total_timesteps": 5120}
{"train/learning_rate": 0.0003, "train/entropy_loss": -2.8189802169799805, "train/policy_gradient_loss": -0.007790230074897408, "train/value_loss": 1.6125567600131034, "train/approx_kl": 0.006115284748375416, "train/clip_fraction": 0.097265625, "train/loss": 0.16698651015758514, "train/explained_variance": -1.3232231140136719e-05, "train/std": 0.9903171062469482, "train/n_updates": 290, "train/clip_range": 0.2, "time/iterations": 30, "rollout/ep_rew_mean": -17.91, "rollout/ep_len_mean": 17.91, "time/fps": 1529, "time/time_elapsed": 5, "time/total_timesteps": 7680}
{"train/learning_rate": 0.0003, "train/entropy_loss": -2.7891157627105714, "train/policy_gradient_loss": -0.00722314128652215, "train/value_loss": 0.027363546844571828, "train/approx_kl": 0.0037775556556880474, "train/clip_fraction": 0.062109375, "train/loss": -0.011204873211681843, "train/explained_variance": 5.3048133850097656e-05, "train/std": 0.9771099090576172, "train/n_updates": 390, "train/clip_range": 0.2, "time/iterations": 40, "rollout/ep_rew_mean": -17.72, "rollout/ep_len_mean": 17.72, "time/fps": 1545, "time/time_elapsed": 6, "time/total_timesteps": 10240}
