{"train/learning_rate": 0.0003, "train/entropy_loss": -2.8296166718006135, "train/policy_gradient_loss": -0.002424040698679164, "train/value_loss": 45.12466316223144, "train/approx_kl": 0.005114554427564144, "train/clip_fraction": 0.0203125, "train/loss": 19.335222244262695, "train/explained_variance": 7.748603820800781e-07, "train/std": 0.9957544207572937, "train/n_updates": 90, "train/clip_range": 0.2, "time/iterations": 10, "rollout/ep_rew_mean": -18.48, "rollout/ep_len_mean": 18.48, "time/fps": 1611, "time/time_elapsed": 3, "time/total_timesteps": 5120}
{"train/learning_rate": 0.0003, "train/entropy_loss": -2.8012924790382385, "train/policy_gradient_loss": -0.007560005912091583, "train/value_loss": 39.643648052215575, "train/approx_kl": 0.00795094296336174, "train/clip_fraction": 0.0859375, "train/loss": 16.384462356567383, "train/explained_variance": 8.940696716308594e-07, "train/std": 0.9791052937507629, "train/n_updates": 190, "train/clip_range": 0.2, "time/iterations": 20, "rollout/ep_rew_mean": -17.72, "rollout/ep_len_mean": 17.72, "time/fps": 1551, "time/time_elapsed": 6, "time/total_timesteps": 10240}
