{"train/learning_rate": 0.0001, "train/entropy_loss": -2.8343977630138397, "train/policy_gradient_loss": -0.006416254653595388, "train/value_loss": 62.26608271598816, "train/approx_kl": 0.007934069260954857, "train/clip_fraction": 0.033203125, "train/loss": 25.971458435058594, "train/explained_variance": 0.008413136005401611, "train/std": 0.9987183809280396, "train/n_updates": 30, "train/clip_range": 0.2, "time/iterations": 4, "rollout/ep_rew_mean": -16.57377049180328, "rollout/ep_len_mean": 16.57377049180328, "time/fps": 142, "time/time_elapsed": 7, "time/total_timesteps": 1024}
{"train/learning_rate": 0.0001, "train/entropy_loss": -2.8321272641420365, "train/policy_gradient_loss": -0.0007868348620831966, "train/value_loss": 67.83654594421387, "train/approx_kl": 0.0008462653495371342, "train/clip_fraction": 0.0, "train/loss": 30.197078704833984, "train/explained_variance": -0.00016438961029052734, "train/std": 0.9967011213302612, "train/n_updates": 70, "train/clip_range": 0.2, "time/iterations": 8, "rollout/ep_rew_mean": -17.53, "rollout/ep_len_mean": 17.53, "time/fps": 134, "time/time_elapsed": 15, "time/total_timesteps": 2048}
{"train/learning_rate": 0.0001, "train/entropy_loss": -2.835918056964874, "train/policy_gradient_loss": -0.0010112124728038907, "train/value_loss": 67.64762201309205, "train/approx_kl": 0.0002436419017612934, "train/clip_fraction": 0.0, "train/loss": 31.866188049316406, "train/explained_variance": -6.341934204101562e-05, "train/std": 0.9985431432723999, "train/n_updates": 110, "train/clip_range": 0.2, "time/iterations": 12, "rollout/ep_rew_mean": -17.91, "rollout/ep_len_mean": 17.91, "time/fps": 124, "time/time_elapsed": 24, "time/total_timesteps": 3072}
{"train/learning_rate": 0.0001, "train/entropy_loss": -2.831221196055412, "train/policy_gradient_loss": -0.0039165554568171505, "train/value_loss": 67.96036262512207, "train/approx_kl": 0.003342121373862028, "train/clip_fraction": 0.005078125, "train/loss": 32.22552490234375, "train/explained_variance": 0.0001576542854309082, "train/std": 0.9970036745071411, "train/n_updates": 150, "train/clip_range": 0.2, "time/iterations": 16, "rollout/ep_rew_mean": -18.67, "rollout/ep_len_mean": 18.67, "time/fps": 96, "time/time_elapsed": 42, "time/total_timesteps": 4096}
{"train/learning_rate": 0.0001, "train/entropy_loss": -2.8341763019561768, "train/policy_gradient_loss": -0.0072842751280404626, "train/value_loss": 69.13204836845398, "train/approx_kl": 0.008694088086485863, "train/clip_fraction": 0.041015625, "train/loss": 32.136043548583984, "train/explained_variance": -7.224082946777344e-05, "train/std": 0.9978708028793335, "train/n_updates": 190, "train/clip_range": 0.2, "time/iterations": 20, "rollout/ep_rew_mean": -18.48, "rollout/ep_len_mean": 18.48, "time/fps": 100, "time/time_elapsed": 50, "time/total_timesteps": 5120}
{"train/learning_rate": 0.0001, "train/entropy_loss": -2.825489562749863, "train/policy_gradient_loss": -0.0012155172531493007, "train/value_loss": 67.4106822013855, "train/approx_kl": 0.0006625910755246878, "train/clip_fraction": 0.0, "train/loss": 28.43667984008789, "train/explained_variance": 7.838010787963867e-05, "train/std": 0.9929617643356323, "train/n_updates": 230, "train/clip_range": 0.2, "time/iterations": 24, "rollout/ep_rew_mean": -18.29, "rollout/ep_len_mean": 18.29, "time/fps": 104, "time/time_elapsed": 58, "time/total_timesteps": 6144}
{"train/learning_rate": 0.0001, "train/entropy_loss": -2.816544145345688, "train/policy_gradient_loss": -0.006895641569280997, "train/value_loss": 68.07007584571838, "train/approx_kl": 0.006411383859813213, "train/clip_fraction": 0.046875, "train/loss": 31.404470443725586, "train/explained_variance": 9.083747863769531e-05, "train/std": 0.9897316694259644, "train/n_updates": 270, "train/clip_range": 0.2, "time/iterations": 28, "rollout/ep_rew_mean": -18.1, "rollout/ep_len_mean": 18.1, "time/fps": 108, "time/time_elapsed": 65, "time/total_timesteps": 7168}
{"train/learning_rate": 0.0001, "train/entropy_loss": -2.8166523605585096, "train/policy_gradient_loss": -0.005317778402240947, "train/value_loss": 71.49757590293885, "train/approx_kl": 0.005584977567195892, "train/clip_fraction": 0.040625, "train/loss": 22.450119018554688, "train/explained_variance": -5.4836273193359375e-06, "train/std": 0.9892443418502808, "train/n_updates": 310, "train/clip_range": 0.2, "time/iterations": 32, "rollout/ep_rew_mean": -17.53, "rollout/ep_len_mean": 17.53, "time/fps": 112, "time/time_elapsed": 72, "time/total_timesteps": 8192}
{"train/learning_rate": 0.0001, "train/entropy_loss": -2.8069653630256655, "train/policy_gradient_loss": -0.013409501709975302, "train/value_loss": 72.79564213752747, "train/approx_kl": 0.01309893187135458, "train/clip_fraction": 0.12109375, "train/loss": 35.421409606933594, "train/explained_variance": 1.2814998626708984e-05, "train/std": 0.9848631620407104, "train/n_updates": 350, "train/clip_range": 0.2, "time/iterations": 36, "rollout/ep_rew_mean": -17.53, "rollout/ep_len_mean": 17.53, "time/fps": 111, "time/time_elapsed": 82, "time/total_timesteps": 9216}
{"train/learning_rate": 0.0001, "train/entropy_loss": -2.7961772292852403, "train/policy_gradient_loss": -0.0070314753334969286, "train/value_loss": 70.78443202972412, "train/approx_kl": 0.007205579429864883, "train/clip_fraction": 0.03828125, "train/loss": 28.409645080566406, "train/explained_variance": -7.867813110351562e-06, "train/std": 0.978021502494812, "train/n_updates": 390, "train/clip_range": 0.2, "time/iterations": 40, "rollout/ep_rew_mean": -17.72, "rollout/ep_len_mean": 17.72, "time/fps": 114, "time/time_elapsed": 89, "time/total_timesteps": 10240}
