{"train/learning_rate": 0.0001, "train/entropy_loss": -2.827493131160736, "train/policy_gradient_loss": -0.00710709088598378, "train/value_loss": 48.134001398086546, "train/approx_kl": 0.004801577422767878, "train/clip_fraction": 0.0279296875, "train/loss": 23.250986099243164, "train/explained_variance": 4.285573959350586e-05, "train/std": 0.9947420358657837, "train/n_updates": 180, "train/clip_range": 0.2, "time/iterations": 10, "rollout/ep_rew_mean": -17.34, "rollout/ep_len_mean": 17.34, "time/fps": 957, "time/time_elapsed": 2, "time/total_timesteps": 2560}
{"train/learning_rate": 0.0001, "train/entropy_loss": -2.837092387676239, "train/policy_gradient_loss": -0.019850394688546658, "train/value_loss": 43.88866395950318, "train/approx_kl": 0.009234491735696793, "train/clip_fraction": 0.134765625, "train/loss": 21.90673828125, "train/explained_variance": 8.58306884765625e-06, "train/std": 1.0001074075698853, "train/n_updates": 380, "train/clip_range": 0.2, "time/iterations": 20, "rollout/ep_rew_mean": -18.48, "rollout/ep_len_mean": 18.48, "time/fps": 943, "time/time_elapsed": 5, "time/total_timesteps": 5120}
{"train/learning_rate": 0.0001, "train/entropy_loss": -2.8301586329936983, "train/policy_gradient_loss": -0.005037051084218547, "train/value_loss": 38.88635523319245, "train/approx_kl": 0.0037356873508542776, "train/clip_fraction": 0.0041015625, "train/loss": 16.77354621887207, "train/explained_variance": -3.5762786865234375e-07, "train/std": 0.9953454732894897, "train/n_updates": 580, "train/clip_range": 0.2, "time/iterations": 30, "rollout/ep_rew_mean": -17.91, "rollout/ep_len_mean": 17.91, "time/fps": 926, "time/time_elapsed": 8, "time/total_timesteps": 7680}
{"train/learning_rate": 0.0001, "train/entropy_loss": -2.805376222729683, "train/policy_gradient_loss": -0.012025972246192396, "train/value_loss": 32.245354652404785, "train/approx_kl": 0.007740858942270279, "train/clip_fraction": 0.07578125, "train/loss": 14.244647026062012, "train/explained_variance": -5.0067901611328125e-06, "train/std": 0.9836844205856323, "train/n_updates": 780, "train/clip_range": 0.2, "time/iterations": 40, "rollout/ep_rew_mean": -17.72, "rollout/ep_len_mean": 17.72, "time/fps": 926, "time/time_elapsed": 11, "time/total_timesteps": 10240}
