{"train/learning_rate": 0.0001, "train/entropy_loss": -2.8344498366117477, "train/policy_gradient_loss": -0.005876029038336128, "train/value_loss": 61.607647800445555, "train/approx_kl": 0.007807784713804722, "train/clip_fraction": 0.034375, "train/loss": 25.423553466796875, "train/explained_variance": -7.617473602294922e-05, "train/std": 0.9986878633499146, "train/n_updates": 30, "train/clip_range": 0.2, "time/iterations": 4, "rollout/ep_rew_mean": -16.57377049180328, "rollout/ep_len_mean": 16.57377049180328, "time/fps": 319, "time/time_elapsed": 3, "time/total_timesteps": 1024}
{"train/learning_rate": 0.0001, "train/entropy_loss": -2.8303104519844053, "train/policy_gradient_loss": -0.001316320081241429, "train/value_loss": 67.78390846252441, "train/approx_kl": 0.000907115638256073, "train/clip_fraction": 0.0, "train/loss": 30.16034698486328, "train/explained_variance": -0.0001633167266845703, "train/std": 0.9957690238952637, "train/n_updates": 70, "train/clip_range": 0.2, "time/iterations": 8, "rollout/ep_rew_mean": -17.53, "rollout/ep_len_mean": 17.53, "time/fps": 325, "time/time_elapsed": 6, "time/total_timesteps": 2048}
{"train/learning_rate": 0.0001, "train/entropy_loss": -2.833967024087906, "train/policy_gradient_loss": -0.0007005974126514048, "train/value_loss": 67.61692967414857, "train/approx_kl": 0.0002720875199884176, "train/clip_fraction": 0.0, "train/loss": 31.849489212036133, "train/explained_variance": -0.00021839141845703125, "train/std": 0.9975487589836121, "train/n_updates": 110, "train/clip_range": 0.2, "time/iterations": 12, "rollout/ep_rew_mean": -17.91, "rollout/ep_len_mean": 17.91, "time/fps": 336, "time/time_elapsed": 9, "time/total_timesteps": 3072}
{"train/learning_rate": 0.0001, "train/entropy_loss": -2.828556302189827, "train/policy_gradient_loss": -0.005893474281765521, "train/value_loss": 67.96247954368592, "train/approx_kl": 0.004951169714331627, "train/clip_fraction": 0.018359375, "train/loss": 32.222103118896484, "train/explained_variance": -1.5974044799804688e-05, "train/std": 0.9954617023468018, "train/n_updates": 150, "train/clip_range": 0.2, "time/iterations": 16, "rollout/ep_rew_mean": -18.67, "rollout/ep_len_mean": 18.67, "time/fps": 336, "time/time_elapsed": 12, "time/total_timesteps": 4096}
{"train/learning_rate": 0.0001, "train/entropy_loss": -2.8317200392484665, "train/policy_gradient_loss": -0.007430348556954414, "train/value_loss": 69.13568572998047, "train/approx_kl": 0.00902228057384491, "train/clip_fraction": 0.041015625, "train/loss": 32.146202087402344, "train/explained_variance": -0.00013577938079833984, "train/std": 0.9966844916343689, "train/n_updates": 190, "train/clip_range": 0.2, "time/iterations": 20, "rollout/ep_rew_mean": -18.48, "rollout/ep_len_mean": 18.48, "time/fps": 330, "time/time_elapsed": 15, "time/total_timesteps": 5120}
{"train/learning_rate": 0.0001, "train/entropy_loss": -2.8222459673881533, "train/policy_gradient_loss": -0.0019085560867097228, "train/value_loss": 67.4090413093567, "train/approx_kl": 0.0016740730497986078, "train/clip_fraction": 0.003515625, "train/loss": 28.435335159301758, "train/explained_variance": -7.867813110351562e-06, "train/std": 0.9912595748901367, "train/n_updates": 230, "train/clip_range": 0.2, "time/iterations": 24, "rollout/ep_rew_mean": -18.29, "rollout/ep_len_mean": 18.29, "time/fps": 334, "time/time_elapsed": 18, "time/total_timesteps": 6144}
{"train/learning_rate": 0.0001, "train/entropy_loss": -2.812774434685707, "train/policy_gradient_loss": -0.007180565228918567, "train/value_loss": 68.07311115264892, "train/approx_kl": 0.0068626971915364265, "train/clip_fraction": 0.04296875, "train/loss": 31.397165298461914, "train/explained_variance": -2.5033950805664062e-06, "train/std": 0.9876949787139893, "train/n_updates": 270, "train/clip_range": 0.2, "time/iterations": 28, "rollout/ep_rew_mean": -18.1, "rollout/ep_len_mean": 18.1, "time/fps": 336, "time/time_elapsed": 21, "time/total_timesteps": 7168}
{"train/learning_rate": 0.0001, "train/entropy_loss": -2.8124745875597, "train/policy_gradient_loss": -0.005220252176513895, "train/value_loss": 71.51010518074035, "train/approx_kl": 0.0046079931780695915, "train/clip_fraction": 0.022265625, "train/loss": 22.443893432617188, "train/explained_variance": -9.1552734375e-05, "train/std": 0.9875631928443909, "train/n_updates": 310, "train/clip_range": 0.2, "time/iterations": 32, "rollout/ep_rew_mean": -17.53, "rollout/ep_len_mean": 17.53, "time/fps": 336, "time/time_elapsed": 24, "time/total_timesteps": 8192}
{"train/learning_rate": 0.0001, "train/entropy_loss": -2.8051853865385055, "train/policy_gradient_loss": -0.011479877459350973, "train/value_loss": 72.81039381027222, "train/approx_kl": 0.011209540069103241, "train/clip_fraction": 0.093359375, "train/loss": 35.419822692871094, "train/explained_variance": -3.075599670410156e-05, "train/std": 0.9840517044067383, "train/n_updates": 350, "train/clip_range": 0.2, "time/iterations": 36, "rollout/ep_rew_mean": -17.53, "rollout/ep_len_mean": 17.53, "time/fps": 337, "time/time_elapsed": 27, "time/total_timesteps": 9216}
{"train/learning_rate": 0.0001, "train/entropy_loss": -2.7936301440000535, "train/policy_gradient_loss": -0.00890852331649512, "train/value_loss": 70.79003744125366, "train/approx_kl": 0.006754214875400066, "train/clip_fraction": 0.030078125, "train/loss": 28.38674545288086, "train/explained_variance": -1.9311904907226562e-05, "train/std": 0.976830244064331, "train/n_updates": 390, "train/clip_range": 0.2, "time/iterations": 40, "rollout/ep_rew_mean": -17.72, "rollout/ep_len_mean": 17.72, "time/fps": 339, "time/time_elapsed": 30, "time/total_timesteps": 10240}
