{"train/learning_rate": 0.0003, "train/entropy_loss": -2.821464312076569, "train/policy_gradient_loss": -0.012688141223043204, "train/value_loss": 6.010292035341263, "train/approx_kl": 0.011839253827929497, "train/clip_fraction": 0.11484375, "train/loss": 1.5670655965805054, "train/explained_variance": -2.4199485778808594e-05, "train/std": 0.9920670986175537, "train/n_updates": 90, "train/clip_range": 0.2, "time/iterations": 10, "rollout/ep_rew_mean": -17.34, "rollout/ep_len_mean": 17.34, "time/fps": 1258, "time/time_elapsed": 2, "time/total_timesteps": 2560}
{"train/learning_rate": 0.0003, "train/entropy_loss": -2.7869173765182493, "train/policy_gradient_loss": -0.013818893977440894, "train/value_loss": 2.6646989483386276, "train/approx_kl": 0.01206497848033905, "train/clip_fraction": 0.11953125, "train/loss": 2.615830183029175, "train/explained_variance": -1.9311904907226562e-05, "train/std": 0.9761470556259155, "train/n_updates": 190, "train/clip_range": 0.2, "time/iterations": 20, "rollout/ep_rew_mean": -18.48, "rollout/ep_len_mean": 18.48, "time/fps": 1275, "time/time_elapsed": 4, "time/total_timesteps": 5120}
{"train/learning_rate": 0.0003, "train/entropy_loss": -2.761137932538986, "train/policy_gradient_loss": -0.009376113233156503, "train/value_loss": 1.3594789540045895, "train/approx_kl": 0.006756195332854986, "train/clip_fraction": 0.076953125, "train/loss": -0.019900159910321236, "train/explained_variance": -1.3709068298339844e-05, "train/std": 0.9626275300979614, "train/n_updates": 290, "train/clip_range": 0.2, "time/iterations": 30, "rollout/ep_rew_mean": -17.91, "rollout/ep_len_mean": 17.91, "time/fps": 1281, "time/time_elapsed": 5, "time/total_timesteps": 7680}
{"train/learning_rate": 0.0003, "train/entropy_loss": -2.723177659511566, "train/policy_gradient_loss": -0.006074126524617895, "train/value_loss": 0.009224315924802795, "train/approx_kl": 0.008305924944579601, "train/clip_fraction": 0.085546875, "train/loss": -0.01175173930823803, "train/explained_variance": 0.4200565218925476, "train/std": 0.9462727308273315, "train/n_updates": 390, "train/clip_range": 0.2, "time/iterations": 40, "rollout/ep_rew_mean": -17.72, "rollout/ep_len_mean": 17.72, "time/fps": 1297, "time/time_elapsed": 7, "time/total_timesteps": 10240}
