{"train/learning_rate": 0.0003, "train/entropy_loss": -2.8139999747276305, "train/policy_gradient_loss": -0.009780591807793827, "train/value_loss": 5.972493278980255, "train/approx_kl": 0.005823400802910328, "train/clip_fraction": 0.08203125, "train/loss": 2.0668516159057617, "train/explained_variance": 0.0009183883666992188, "train/std": 0.9887142181396484, "train/n_updates": 180, "train/clip_range": 0.2, "time/iterations": 10, "rollout/ep_rew_mean": -17.34, "rollout/ep_len_mean": 17.34, "time/fps": 1224, "time/time_elapsed": 2, "time/total_timesteps": 2560}
{"train/learning_rate": 0.0003, "train/entropy_loss": -2.759276247024536, "train/policy_gradient_loss": -0.017694594396743923, "train/value_loss": 2.2564831462223083, "train/approx_kl": 0.01823268085718155, "train/clip_fraction": 0.0884765625, "train/loss": 1.6728078126907349, "train/explained_variance": 0.01844024658203125, "train/std": 0.9614976644515991, "train/n_updates": 380, "train/clip_range": 0.2, "time/iterations": 20, "rollout/ep_rew_mean": -18.48, "rollout/ep_len_mean": 18.48, "time/fps": 1190, "time/time_elapsed": 4, "time/total_timesteps": 5120}
{"train/learning_rate": 0.0003, "train/entropy_loss": -2.717627304792404, "train/policy_gradient_loss": -0.011480325181037188, "train/value_loss": 5.807309971714858e-05, "train/approx_kl": 0.011320581659674644, "train/clip_fraction": 0.0734375, "train/loss": -0.023159131407737732, "train/explained_variance": 0.99994730272374, "train/std": 0.9355149865150452, "train/n_updates": 580, "train/clip_range": 0.2, "time/iterations": 30, "rollout/ep_rew_mean": -17.72, "rollout/ep_len_mean": 17.72, "time/fps": 1194, "time/time_elapsed": 6, "time/total_timesteps": 7680}
{"train/learning_rate": 0.0003, "train/entropy_loss": -2.670826780796051, "train/policy_gradient_loss": -0.024129755899775774, "train/value_loss": 4.671336131423231e-06, "train/approx_kl": 0.03660896420478821, "train/clip_fraction": 0.2150390625, "train/loss": -0.04500431939959526, "train/explained_variance": 0.9999966890068208, "train/std": 0.9202924966812134, "train/n_updates": 780, "train/clip_range": 0.2, "time/iterations": 40, "rollout/ep_rew_mean": -17.72, "rollout/ep_len_mean": 17.72, "time/fps": 1188, "time/time_elapsed": 8, "time/total_timesteps": 10240}
