{"train/learning_rate": 0.0001, "train/entropy_loss": -2.8324956238269805, "train/policy_gradient_loss": -0.004613635095302016, "train/value_loss": 51.75060358047485, "train/approx_kl": 0.0031018496956676245, "train/clip_fraction": 0.007421875, "train/loss": 24.98208999633789, "train/explained_variance": 7.390975952148438e-05, "train/std": 0.9974197149276733, "train/n_updates": 180, "train/clip_range": 0.2, "time/iterations": 10, "rollout/ep_rew_mean": -17.34, "rollout/ep_len_mean": 17.34, "time/fps": 1157, "time/time_elapsed": 2, "time/total_timesteps": 2560}
{"train/learning_rate": 0.0001, "train/entropy_loss": -2.845163130760193, "train/policy_gradient_loss": -0.01544738548109308, "train/value_loss": 49.61040153503418, "train/approx_kl": 0.010980658233165741, "train/clip_fraction": 0.11953125, "train/loss": 23.727230072021484, "train/explained_variance": -4.494190216064453e-05, "train/std": 1.0045480728149414, "train/n_updates": 380, "train/clip_range": 0.2, "time/iterations": 20, "rollout/ep_rew_mean": -18.48, "rollout/ep_len_mean": 18.48, "time/fps": 1162, "time/time_elapsed": 4, "time/total_timesteps": 5120}
{"train/learning_rate": 0.0001, "train/entropy_loss": -2.8425308406352996, "train/policy_gradient_loss": -0.01028567113680765, "train/value_loss": 46.98279495239258, "train/approx_kl": 0.004542814567685127, "train/clip_fraction": 0.058984375, "train/loss": 22.240468978881836, "train/explained_variance": 5.7220458984375e-06, "train/std": 1.001600742340088, "train/n_updates": 580, "train/clip_range": 0.2, "time/iterations": 30, "rollout/ep_rew_mean": -17.72, "rollout/ep_len_mean": 17.72, "time/fps": 1154, "time/time_elapsed": 6, "time/total_timesteps": 7680}
{"train/learning_rate": 0.0001, "train/entropy_loss": -2.812784230709076, "train/policy_gradient_loss": -0.013393549830652773, "train/value_loss": 44.58345623016358, "train/approx_kl": 0.010874897241592407, "train/clip_fraction": 0.08984375, "train/loss": 21.670549392700195, "train/explained_variance": 8.165836334228516e-06, "train/std": 0.9872790575027466, "train/n_updates": 780, "train/clip_range": 0.2, "time/iterations": 40, "rollout/ep_rew_mean": -17.72, "rollout/ep_len_mean": 17.72, "time/fps": 1160, "time/time_elapsed": 8, "time/total_timesteps": 10240}
