{"train/learning_rate": 0.0003, "train/entropy_loss": -2.775728365778923, "train/policy_gradient_loss": -0.00749907213030383, "train/value_loss": 0.3388289887458086, "train/approx_kl": 0.008136643096804619, "train/clip_fraction": 0.08642578125, "train/loss": 0.045968879014253616, "train/explained_variance": 0.5634313225746155, "train/std": 0.9681809544563293, "train/n_updates": 180, "train/clip_range": 0.2, "time/iterations": 10, "rollout/ep_rew_mean": -18.48, "rollout/ep_len_mean": 18.48, "time/fps": 1184, "time/time_elapsed": 4, "time/total_timesteps": 5120}
{"train/learning_rate": 0.0003, "train/entropy_loss": -2.6557978838682175, "train/policy_gradient_loss": -0.01187856079195626, "train/value_loss": 0.00011180516476088087, "train/approx_kl": 0.007266459055244923, "train/clip_fraction": 0.091796875, "train/loss": -0.017821429297327995, "train/explained_variance": 0.9999643048395228, "train/std": 0.9066516160964966, "train/n_updates": 380, "train/clip_range": 0.2, "time/iterations": 20, "rollout/ep_rew_mean": -17.72, "rollout/ep_len_mean": 17.72, "time/fps": 1195, "time/time_elapsed": 8, "time/total_timesteps": 10240}
