{"train/learning_rate": 0.0003, "train/entropy_loss": -2.821438431739807, "train/policy_gradient_loss": -0.0033966081449761988, "train/value_loss": 4.771203517913818, "train/approx_kl": 0.004626339301466942, "train/clip_fraction": 0.024609375, "train/loss": 2.025742769241333, "train/explained_variance": 3.701448440551758e-05, "train/std": 0.9914810061454773, "train/n_updates": 90, "train/clip_range": 0.2, "time/iterations": 10, "rollout/ep_rew_mean": -18.48, "rollout/ep_len_mean": 18.48, "time/fps": 1545, "time/time_elapsed": 3, "time/total_timesteps": 5120}
{"train/learning_rate": 0.0003, "train/entropy_loss": -2.702436703443527, "train/policy_gradient_loss": -0.003881545539479703, "train/value_loss": 2.6296843597199766, "train/approx_kl": 0.00847232062369585, "train/clip_fraction": 0.0919921875, "train/loss": 1.309829592704773, "train/explained_variance": 2.205371856689453e-06, "train/std": 0.9293177127838135, "train/n_updates": 190, "train/clip_range": 0.2, "time/iterations": 20, "rollout/ep_rew_mean": -17.72, "rollout/ep_len_mean": 17.72, "time/fps": 1496, "time/time_elapsed": 6, "time/total_timesteps": 10240}
