{"train/learning_rate": 0.0003, "train/entropy_loss": -2.8190304756164553, "train/policy_gradient_loss": -0.004585866170236841, "train/value_loss": 34.949828553199765, "train/approx_kl": 0.008134318515658379, "train/clip_fraction": 0.050390625, "train/loss": 13.19445514678955, "train/explained_variance": 9.119510650634766e-06, "train/std": 0.9907432198524475, "train/n_updates": 90, "train/clip_range": 0.2, "time/iterations": 10, "rollout/ep_rew_mean": -18.48, "rollout/ep_len_mean": 18.48, "time/fps": 1336, "time/time_elapsed": 3, "time/total_timesteps": 5120}
{"train/learning_rate": 0.0003, "train/entropy_loss": -2.7704605132341387, "train/policy_gradient_loss": -0.008054269925924017, "train/value_loss": 30.24080820083618, "train/approx_kl": 0.00750813027843833, "train/clip_fraction": 0.0939453125, "train/loss": 7.4326629638671875, "train/explained_variance": 0.0, "train/std": 0.9626120924949646, "train/n_updates": 190, "train/clip_range": 0.2, "time/iterations": 20, "rollout/ep_rew_mean": -17.72, "rollout/ep_len_mean": 17.72, "time/fps": 1299, "time/time_elapsed": 7, "time/total_timesteps": 10240}
